ClassID,Weight,ItemGrade,ItemStar,UseLv,MaterialPrice,Price,PriceRatio,SellPrice,RepairPriceRatio,MaxStack,Scale,DropSoundTime,DeadBreakRatio,NumberArg1,NumberArg2,ItemCoolDown,ReopenDiscountRatio,BelongingCount,LifeTime,ItemLifeTimeOver,DynamicLifeTime,ClassName,Name,ItemType,Journal,GroupName,EquipXpGroup,MergeTable1,MergeClass1,MergeTable2,MergeClass2,MergeTable3,MergeClass3,ToolTipScp,TooltipImage,Icon,SpineTooltipImage,ReqToolTip,TooltipValue,Desc,DropSound,EquipSound,InOutScp,Script,Destroyable,TeamTrade,ShopTrade,MarketTrade,UserTrade,RefreshScp,DropStyle,StringArg,Usable,PreCheckScp,Consumable,UseAnim,ClientScp,ParticleName,UseTx,CoolDown,CoolDownGroup,AllowDuplicate,AllowReopen,NotExist,LogoutSave,ItemLifeTime,CubeDuplicate,PVPMap,MarketCategory,DynamicCalcLifeTimeFunc,EnableEquipMap
2020007,0,0,0,1,0,0,100,0,100,1,0.1,0,0,1,0,0,0,0,0,0,0,AbillityArts_Box_Total,아츠 초기화 포션 계열 선택 상자,Consume,FALSE,Premium,,,,Item_Consume,Self,Item_Common,Item_Common,ETC,icon_item_happybox_red,icon_item_happybox_red,,마우스 오른쪽 버튼 클릭으로 사용,,"사용시, 원하는 계열의 아츠 초기화 포션 선택상자를 획득하실 수 있습니다.",item_drop_hp_1,,,,YES,YES,NO,NO,NO,,Normal,,YES,SCR_PRECHECK_CONSUME,TX,,OPEN_TRADE_SELECT_ITEM,,YES,,,YES,NO,NO,No,,NO,NO,Premium_Consume,,
2020008,0,0,0,1,0,0,100,0,100,1,0.1,0,0,1,0,0,0,0,0,0,0,AbillityArts_Box_Swordman,소드맨 계열 아츠 초기화 포션 선택 상자,Consume,FALSE,Premium,,,,Item_Consume,Self,Item_Common,Item_Common,ETC,icon_item_eventbox_potion,icon_item_eventbox_potion,,마우스 오른쪽 버튼 클릭으로 사용,,"사용시, 원하는 소드맨 계열의 아츠 초기화 포션을 획득하실 수 있습니다.",item_drop_hp_1,,,,YES,YES,NO,NO,NO,,Normal,,YES,SCR_PRECHECK_CONSUME,TX,,OPEN_TRADE_SELECT_ITEM,,YES,,,YES,NO,NO,No,,NO,NO,Premium_Consume,,
2020009,0,0,0,1,0,0,100,0,100,1,0.1,0,0,1,0,0,0,0,0,0,0,AbillityArts_Box_Wizard,위저드 계열 아츠 초기화 포션 선택 상자,Consume,FALSE,Premium,,,,Item_Consume,Self,Item_Common,Item_Common,ETC,icon_item_eventbox_potion,icon_item_eventbox_potion,,마우스 오른쪽 버튼 클릭으로 사용,,"사용시, 원하는 위저드 계열의 아츠 초기화 포션을 획득하실 수 있습니다.",item_drop_hp_1,,,,YES,YES,NO,NO,NO,,Normal,,YES,SCR_PRECHECK_CONSUME,TX,,OPEN_TRADE_SELECT_ITEM,,YES,,,YES,NO,NO,No,,NO,NO,Premium_Consume,,
2020010,0,0,0,1,0,0,100,0,100,1,0.1,0,0,1,0,0,0,0,0,0,0,AbillityArts_Box_Archer,아처 계열 아츠 초기화 포션 선택 상자,Consume,FALSE,Premium,,,,Item_Consume,Self,Item_Common,Item_Common,ETC,icon_item_eventbox_potion,icon_item_eventbox_potion,,마우스 오른쪽 버튼 클릭으로 사용,,"사용시, 원하는 아처 계열의 아츠 초기화 포션을 획득하실 수 있습니다.",item_drop_hp_1,,,,YES,YES,NO,NO,NO,,Normal,,YES,SCR_PRECHECK_CONSUME,TX,,OPEN_TRADE_SELECT_ITEM,,YES,,,YES,NO,NO,No,,NO,NO,Premium_Consume,,
2020011,0,0,0,1,0,0,100,0,100,1,0.1,0,0,1,0,0,0,0,0,0,0,AbillityArts_Box_Cleric,클레릭 계열 아츠 초기화 포션 선택 상자,Consume,FALSE,Premium,,,,Item_Consume,Self,Item_Common,Item_Common,ETC,icon_item_eventbox_potion,icon_item_eventbox_potion,,마우스 오른쪽 버튼 클릭으로 사용,,"사용시, 원하는 클레릭 계열의 아츠 초기화 포션을 획득하실 수 있습니다.",item_drop_hp_1,,,,YES,YES,NO,NO,NO,,Normal,,YES,SCR_PRECHECK_CONSUME,TX,,OPEN_TRADE_SELECT_ITEM,,YES,,,YES,NO,NO,No,,NO,NO,Premium_Consume,,
2020012,0,0,0,1,0,0,100,0,100,1,0.1,0,0,1,0,0,0,0,0,0,0,AbillityArts_Box_Scout,스카우트 계열 아츠 초기화 포션 선택 상자,Consume,FALSE,Premium,,,,Item_Consume,Self,Item_Common,Item_Common,ETC,icon_item_eventbox_potion,icon_item_eventbox_potion,,마우스 오른쪽 버튼 클릭으로 사용,,"사용시, 원하는 스카우트 계열의 아츠 초기화 포션을 획득하실 수 있습니다.",item_drop_hp_1,,,,YES,YES,NO,NO,NO,,Normal,,YES,SCR_PRECHECK_CONSUME,TX,,OPEN_TRADE_SELECT_ITEM,,YES,,,YES,NO,NO,No,,NO,NO,Premium_Consume,,
2021001,0,0,0,1,0,0,100,0,100,1,0.1,0,0,1,1,0,0,0,0,0,0,Premium_AbillityArts_Char1_1,아츠 초기화 포션 - 소드맨,Consume,FALSE,Premium,,,,Item_Consume,Self,Item_Common,Item_Common,ETC,icon_item_AbillityReset,icon_item_AbillityReset,,마우스 오른쪽 버튼 클릭으로 사용,,캐릭터에 적용된 소드맨 아츠를 초기화 합니다. 해당 클래스를 보유하고 있는 경우에만 사용 가능합니다.,item_drop_paper_1,consume_drink,,,YES,YES,NO,NO,NO,,Normal,AbilityPointReset,YES,SCR_PRECHECK_CONSUME,TX,,ABILITY_POINT_RESET_ARTS_C,,YES,,,YES,NO,NO,No,,NO,NO,Premium_Consume,,
2021002,0,0,0,1,0,0,100,0,100,1,0.1,0,0,1,2,0,0,0,0,0,0,Premium_AbillityArts_Char1_2,아츠 초기화 포션 - 하이랜더,Consume,FALSE,Premium,,,,Item_Consume,Self,Item_Common,Item_Common,ETC,icon_item_AbillityReset,icon_item_AbillityReset,,마우스 오른쪽 버튼 클릭으로 사용,,캐릭터에 적용된 하이랜더 아츠를 초기화 합니다. 해당 클래스를 보유하고 있는 경우에만 사용 가능합니다.,item_drop_paper_1,consume_drink,,,YES,YES,NO,NO,NO,,Normal,AbilityPointReset,YES,SCR_PRECHECK_CONSUME,TX,,ABILITY_POINT_RESET_ARTS_C,,YES,,,YES,NO,NO,No,,NO,NO,Premium_Consume,,
2021003,0,0,0,1,0,0,100,0,100,1,0.1,0,0,1,3,0,0,0,0,0,0,Premium_AbillityArts_Char1_3,아츠 초기화 포션 - 펠타스타,Consume,FALSE,Premium,,,,Item_Consume,Self,Item_Common,Item_Common,ETC,icon_item_AbillityReset,icon_item_AbillityReset,,마우스 오른쪽 버튼 클릭으로 사용,,캐릭터에 적용된 펠타스타 아츠를 초기화 합니다. 해당 클래스를 보유하고 있는 경우에만 사용 가능합니다.,item_drop_paper_1,consume_drink,,,YES,YES,NO,NO,NO,,Normal,AbilityPointReset,YES,SCR_PRECHECK_CONSUME,TX,,ABILITY_POINT_RESET_ARTS_C,,YES,,,YES,NO,NO,No,,NO,NO,Premium_Consume,,
2021004,0,0,0,1,0,0,100,0,100,1,0.1,0,0,1,4,0,0,0,0,0,0,Premium_AbillityArts_Char1_4,아츠 초기화 포션 - 하플라이트,Consume,FALSE,Premium,,,,Item_Consume,Self,Item_Common,Item_Common,ETC,icon_item_AbillityReset,icon_item_AbillityReset,,마우스 오른쪽 버튼 클릭으로 사용,,캐릭터에 적용된 하플라이트 아츠를 초기화 합니다. 해당 클래스를 보유하고 있는 경우에만 사용 가능합니다.,item_drop_paper_1,consume_drink,,,YES,YES,NO,NO,NO,,Normal,AbilityPointReset,YES,SCR_PRECHECK_CONSUME,TX,,ABILITY_POINT_RESET_ARTS_C,,YES,,,YES,NO,NO,No,,NO,NO,Premium_Consume,,
2021005,0,0,0,1,0,0,100,0,100,1,0.1,0,0,1,6,0,0,0,0,0,0,Premium_AbillityArts_Char1_6,아츠 초기화 포션 - 바바리안,Consume,FALSE,Premium,,,,Item_Consume,Self,Item_Common,Item_Common,ETC,icon_item_AbillityReset,icon_item_AbillityReset,,마우스 오른쪽 버튼 클릭으로 사용,,캐릭터에 적용된 바바리안 아츠를 초기화 합니다. 해당 클래스를 보유하고 있는 경우에만 사용 가능합니다.,item_drop_paper_1,consume_drink,,,YES,YES,NO,NO,NO,,Normal,AbilityPointReset,YES,SCR_PRECHECK_CONSUME,TX,,ABILITY_POINT_RESET_ARTS_C,,YES,,,YES,NO,NO,No,,NO,NO,Premium_Consume,,
2021006,0,0,0,1,0,0,100,0,100,1,0.1,0,0,1,7,0,0,0,0,0,0,Premium_AbillityArts_Char1_7,아츠 초기화 포션 - 캐터프랙트,Consume,FALSE,Premium,,,,Item_Consume,Self,Item_Common,Item_Common,ETC,icon_item_AbillityReset,icon_item_AbillityReset,,마우스 오른쪽 버튼 클릭으로 사용,,캐릭터에 적용된 캐터프랙트 아츠를 초기화 합니다. 해당 클래스를 보유하고 있는 경우에만 사용 가능합니다.,item_drop_paper_1,consume_drink,,,YES,YES,NO,NO,NO,,Normal,AbilityPointReset,YES,SCR_PRECHECK_CONSUME,TX,,ABILITY_POINT_RESET_ARTS_C,,YES,,,YES,NO,NO,No,,NO,NO,Premium_Consume,,
2021007,0,0,0,1,0,0,100,0,100,1,0.1,0,0,1,9,0,0,0,0,0,0,Premium_AbillityArts_Char1_9,아츠 초기화 포션 - 도펠죌트너,Consume,FALSE,Premium,,,,Item_Consume,Self,Item_Common,Item_Common,ETC,icon_item_AbillityReset,icon_item_AbillityReset,,마우스 오른쪽 버튼 클릭으로 사용,,캐릭터에 적용된 도펠죌트너 아츠를 초기화 합니다. 해당 클래스를 보유하고 있는 경우에만 사용 가능합니다.,item_drop_paper_1,consume_drink,,,YES,YES,NO,NO,NO,,Normal,AbilityPointReset,YES,SCR_PRECHECK_CONSUME,TX,,ABILITY_POINT_RESET_ARTS_C,,YES,,,YES,NO,NO,No,,NO,NO,Premium_Consume,,
2021008,0,0,0,1,0,0,100,0,100,1,0.1,0,0,1,10,0,0,0,0,0,0,Premium_AbillityArts_Char1_10,아츠 초기화 포션 - 로델레로,Consume,FALSE,Premium,,,,Item_Consume,Self,Item_Common,Item_Common,ETC,icon_item_AbillityReset,icon_item_AbillityReset,,마우스 오른쪽 버튼 클릭으로 사용,,캐릭터에 적용된 로델레로 아츠를 초기화 합니다. 해당 클래스를 보유하고 있는 경우에만 사용 가능합니다.,item_drop_paper_1,consume_drink,,,YES,YES,NO,NO,NO,,Normal,AbilityPointReset,YES,SCR_PRECHECK_CONSUME,TX,,ABILITY_POINT_RESET_ARTS_C,,YES,,,YES,NO,NO,No,,NO,NO,Premium_Consume,,
2021009,0,0,0,1,0,0,100,0,100,1,0.1,0,0,1,12,0,0,0,0,0,0,Premium_AbillityArts_Char1_12,아츠 초기화 포션 - 무르밀로,Consume,FALSE,Premium,,,,Item_Consume,Self,Item_Common,Item_Common,ETC,icon_item_AbillityReset,icon_item_AbillityReset,,마우스 오른쪽 버튼 클릭으로 사용,,캐릭터에 적용된 무르밀로 아츠를 초기화 합니다. 해당 클래스를 보유하고 있는 경우에만 사용 가능합니다.,item_drop_paper_1,consume_drink,,,YES,YES,NO,NO,NO,,Normal,AbilityPointReset,YES,SCR_PRECHECK_CONSUME,TX,,ABILITY_POINT_RESET_ARTS_C,,YES,,,YES,NO,NO,No,,NO,NO,Premium_Consume,,
2021010,0,0,0,1,0,0,100,0,100,1,0.1,0,0,1,14,0,0,0,0,0,0,Premium_AbillityArts_Char1_14,아츠 초기화 포션 - 펜서,Consume,FALSE,Premium,,,,Item_Consume,Self,Item_Common,Item_Common,ETC,icon_item_AbillityReset,icon_item_AbillityReset,,마우스 오른쪽 버튼 클릭으로 사용,,캐릭터에 적용된 펜서 아츠를 초기화 합니다. 해당 클래스를 보유하고 있는 경우에만 사용 가능합니다.,item_drop_paper_1,consume_drink,,,YES,YES,NO,NO,NO,,Normal,AbilityPointReset,YES,SCR_PRECHECK_CONSUME,TX,,ABILITY_POINT_RESET_ARTS_C,,YES,,,YES,NO,NO,No,,NO,NO,Premium_Consume,,
2021011,0,0,0,1,0,0,100,0,100,1,0.1,0,0,1,15,0,0,0,0,0,0,Premium_AbillityArts_Char1_15,아츠 초기화 포션 - 드라군,Consume,FALSE,Premium,,,,Item_Consume,Self,Item_Common,Item_Common,ETC,icon_item_AbillityReset,icon_item_AbillityReset,,마우스 오른쪽 버튼 클릭으로 사용,,캐릭터에 적용된 드라군 아츠를 초기화 합니다. 해당 클래스를 보유하고 있는 경우에만 사용 가능합니다.,item_drop_paper_1,consume_drink,,,YES,YES,NO,NO,NO,,Normal,AbilityPointReset,YES,SCR_PRECHECK_CONSUME,TX,,ABILITY_POINT_RESET_ARTS_C,,YES,,,YES,NO,NO,No,,NO,NO,Premium_Consume,,
2021012,0,0,0,1,0,0,100,0,100,1,0.1,0,0,1,16,0,0,0,0,0,0,Premium_AbillityArts_Char1_16,아츠 초기화 포션 - 템플러,Consume,FALSE,Premium,,,,Item_Consume,Self,Item_Common,Item_Common,ETC,icon_item_AbillityReset,icon_item_AbillityReset,,마우스 오른쪽 버튼 클릭으로 사용,,캐릭터에 적용된 템플러 아츠를 초기화 합니다. 해당 클래스를 보유하고 있는 경우에만 사용 가능합니다.,item_drop_paper_1,consume_drink,,,YES,YES,NO,NO,NO,,Normal,AbilityPointReset,YES,SCR_PRECHECK_CONSUME,TX,,ABILITY_POINT_RESET_ARTS_C,,YES,,,YES,NO,NO,No,,NO,NO,Premium_Consume,,
2021013,0,0,0,1,0,0,100,0,100,1,0.1,0,0,1,17,0,0,0,0,0,0,Premium_AbillityArts_Char1_17,아츠 초기화 포션 - 랜서,Consume,FALSE,Premium,,,,Item_Consume,Self,Item_Common,Item_Common,ETC,icon_item_AbillityReset,icon_item_AbillityReset,,마우스 오른쪽 버튼 클릭으로 사용,,캐릭터에 적용된 랜서 아츠를 초기화 합니다. 해당 클래스를 보유하고 있는 경우에만 사용 가능합니다.,item_drop_paper_1,consume_drink,,,YES,YES,NO,NO,NO,,Normal,AbilityPointReset,YES,SCR_PRECHECK_CONSUME,TX,,ABILITY_POINT_RESET_ARTS_C,,YES,,,YES,NO,NO,No,,NO,NO,Premium_Consume,,
2021014,0,0,0,1,0,0,100,0,100,1,0.1,0,0,1,19,0,0,0,0,0,0,Premium_AbillityArts_Char1_19,아츠 초기화 포션 - 마타도르,Consume,FALSE,Premium,,,,Item_Consume,Self,Item_Common,Item_Common,ETC,icon_item_AbillityReset,icon_item_AbillityReset,,마우스 오른쪽 버튼 클릭으로 사용,,캐릭터에 적용된 마타도르 아츠를 초기화 합니다. 해당 클래스를 보유하고 있는 경우에만 사용 가능합니다.,item_drop_paper_1,consume_drink,,,YES,YES,NO,NO,NO,,Normal,AbilityPointReset,YES,SCR_PRECHECK_CONSUME,TX,,ABILITY_POINT_RESET_ARTS_C,,YES,,,YES,NO,NO,No,,NO,NO,Premium_Consume,,
2021015,0,0,0,1,0,0,100,0,100,1,0.1,0,0,1,20,0,0,0,0,0,0,Premium_AbillityArts_Char1_20,아츠 초기화 포션 - 낙무아이,Consume,FALSE,Premium,,,,Item_Consume,Self,Item_Common,Item_Common,ETC,icon_item_AbillityReset,icon_item_AbillityReset,,마우스 오른쪽 버튼 클릭으로 사용,,캐릭터에 적용된 낙무아이 아츠를 초기화 합니다. 해당 클래스를 보유하고 있는 경우에만 사용 가능합니다.,item_drop_paper_1,consume_drink,,,YES,YES,NO,NO,NO,,Normal,AbilityPointReset,YES,SCR_PRECHECK_CONSUME,TX,,ABILITY_POINT_RESET_ARTS_C,,YES,,,YES,NO,NO,No,,NO,NO,Premium_Consume,,
2021016,0,0,0,1,0,0,100,0,100,1,0.1,0,0,1,18,0,0,0,0,0,0,Premium_AbillityArts_Char1_18,아츠 초기화 포션 - 레티아리이,Consume,FALSE,Premium,,,,Item_Consume,Self,Item_Common,Item_Common,ETC,icon_item_AbillityReset,icon_item_AbillityReset,,마우스 오른쪽 버튼 클릭으로 사용,,캐릭터에 적용된 레티아리이 아츠를 초기화 합니다. 해당 클래스를 보유하고 있는 경우에만 사용 가능합니다.,item_drop_paper_1,consume_drink,,,YES,YES,NO,NO,NO,,Normal,AbilityPointReset,YES,SCR_PRECHECK_CONSUME,TX,,ABILITY_POINT_RESET_ARTS_C,,YES,,,YES,NO,NO,No,,NO,NO,Premium_Consume,,
2021017,0,0,0,1,0,0,100,0,100,1,0.1,0,0,1,21,0,0,0,0,0,0,Premium_AbillityArts_Char1_21,아츠 초기화 포션 - 하카펠,Consume,FALSE,Premium,,,,Item_Consume,Self,Item_Common,Item_Common,ETC,icon_item_AbillityReset,icon_item_AbillityReset,,마우스 오른쪽 버튼 클릭으로 사용,,캐릭터에 적용된 하카펠 아츠를 초기화 합니다. 해당 클래스를 보유하고 있는 경우에만 사용 가능합니다.,item_drop_paper_1,consume_drink,,,YES,YES,NO,NO,NO,,Normal,AbilityPointReset,YES,SCR_PRECHECK_CONSUME,TX,,ABILITY_POINT_RESET_ARTS_C,,YES,,,YES,NO,NO,No,,NO,NO,Premium_Consume,,
2021018,0,0,0,1,0,0,100,0,100,1,0.1,0,0,2,1,0,0,0,0,0,0,Premium_AbillityArts_Char2_1,아츠 초기화 포션 - 위저드,Consume,FALSE,Premium,,,,Item_Consume,Self,Item_Common,Item_Common,ETC,icon_item_AbillityReset,icon_item_AbillityReset,,마우스 오른쪽 버튼 클릭으로 사용,,캐릭터에 적용된 위저드 아츠를 초기화 합니다. 해당 클래스를 보유하고 있는 경우에만 사용 가능합니다.,item_drop_paper_1,consume_drink,,,YES,YES,NO,NO,NO,,Normal,AbilityPointReset,YES,SCR_PRECHECK_CONSUME,TX,,ABILITY_POINT_RESET_ARTS_C,,YES,,,YES,NO,NO,No,,NO,NO,Premium_Consume,,
2021019,0,0,0,1,0,0,100,0,100,1,0.1,0,0,2,2,0,0,0,0,0,0,Premium_AbillityArts_Char2_2,아츠 초기화 포션 - 파이로맨서,Consume,FALSE,Premium,,,,Item_Consume,Self,Item_Common,Item_Common,ETC,icon_item_AbillityReset,icon_item_AbillityReset,,마우스 오른쪽 버튼 클릭으로 사용,,캐릭터에 적용된 파이로맨서 아츠를 초기화 합니다. 해당 클래스를 보유하고 있는 경우에만 사용 가능합니다.,item_drop_paper_1,consume_drink,,,YES,YES,NO,NO,NO,,Normal,AbilityPointReset,YES,SCR_PRECHECK_CONSUME,TX,,ABILITY_POINT_RESET_ARTS_C,,YES,,,YES,NO,NO,No,,NO,NO,Premium_Consume,,
2021020,0,0,0,1,0,0,100,0,100,1,0.1,0,0,2,3,0,0,0,0,0,0,Premium_AbillityArts_Char2_3,아츠 초기화 포션 - 크리오맨서,Consume,FALSE,Premium,,,,Item_Consume,Self,Item_Common,Item_Common,ETC,icon_item_AbillityReset,icon_item_AbillityReset,,마우스 오른쪽 버튼 클릭으로 사용,,캐릭터에 적용된 크리오맨서 아츠를 초기화 합니다. 해당 클래스를 보유하고 있는 경우에만 사용 가능합니다.,item_drop_paper_1,consume_drink,,,YES,YES,NO,NO,NO,,Normal,AbilityPointReset,YES,SCR_PRECHECK_CONSUME,TX,,ABILITY_POINT_RESET_ARTS_C,,YES,,,YES,NO,NO,No,,NO,NO,Premium_Consume,,
2021021,0,0,0,1,0,0,100,0,100,1,0.1,0,0,2,4,0,0,0,0,0,0,Premium_AbillityArts_Char2_4,아츠 초기화 포션 - 사이코키노,Consume,FALSE,Premium,,,,Item_Consume,Self,Item_Common,Item_Common,ETC,icon_item_AbillityReset,icon_item_AbillityReset,,마우스 오른쪽 버튼 클릭으로 사용,,캐릭터에 적용된 사이코키노 아츠를 초기화 합니다. 해당 클래스를 보유하고 있는 경우에만 사용 가능합니다.,item_drop_paper_1,consume_drink,,,YES,YES,NO,NO,NO,,Normal,AbilityPointReset,YES,SCR_PRECHECK_CONSUME,TX,,ABILITY_POINT_RESET_ARTS_C,,YES,,,YES,NO,NO,No,,NO,NO,Premium_Consume,,
2021022,0,0,0,1,0,0,100,0,100,1,0.1,0,0,2,5,0,0,0,0,0,0,Premium_AbillityArts_Char2_5,아츠 초기화 포션 - 알케미스트,Consume,FALSE,Premium,,,,Item_Consume,Self,Item_Common,Item_Common,ETC,icon_item_AbillityReset,icon_item_AbillityReset,,마우스 오른쪽 버튼 클릭으로 사용,,캐릭터에 적용된 알케미스트 아츠를 초기화 합니다. 해당 클래스를 보유하고 있는 경우에만 사용 가능합니다.,item_drop_paper_1,consume_drink,,,YES,YES,NO,NO,NO,,Normal,AbilityPointReset,YES,SCR_PRECHECK_CONSUME,TX,,ABILITY_POINT_RESET_ARTS_C,,YES,,,YES,NO,NO,No,,NO,NO,Premium_Consume,,
2021023,0,0,0,1,0,0,100,0,100,1,0.1,0,0,2,6,0,0,0,0,0,0,Premium_AbillityArts_Char2_6,아츠 초기화 포션 - 소서러,Consume,FALSE,Premium,,,,Item_Consume,Self,Item_Common,Item_Common,ETC,icon_item_AbillityReset,icon_item_AbillityReset,,마우스 오른쪽 버튼 클릭으로 사용,,캐릭터에 적용된 소서러 아츠를 초기화 합니다. 해당 클래스를 보유하고 있는 경우에만 사용 가능합니다.,item_drop_paper_1,consume_drink,,,YES,YES,NO,NO,NO,,Normal,AbilityPointReset,YES,SCR_PRECHECK_CONSUME,TX,,ABILITY_POINT_RESET_ARTS_C,,YES,,,YES,NO,NO,No,,NO,NO,Premium_Consume,,
2021024,0,0,0,1,0,0,100,0,100,1,0.1,0,0,2,8,0,0,0,0,0,0,Premium_AbillityArts_Char2_8,아츠 초기화 포션 - 크로노맨서,Consume,FALSE,Premium,,,,Item_Consume,Self,Item_Common,Item_Common,ETC,icon_item_AbillityReset,icon_item_AbillityReset,,마우스 오른쪽 버튼 클릭으로 사용,,캐릭터에 적용된 크로노맨서 아츠를 초기화 합니다. 해당 클래스를 보유하고 있는 경우에만 사용 가능합니다.,item_drop_paper_1,consume_drink,,,YES,YES,NO,NO,NO,,Normal,AbilityPointReset,YES,SCR_PRECHECK_CONSUME,TX,,ABILITY_POINT_RESET_ARTS_C,,YES,,,YES,NO,NO,No,,NO,NO,Premium_Consume,,
2021025,0,0,0,1,0,0,100,0,100,1,0.1,0,0,2,9,0,0,0,0,0,0,Premium_AbillityArts_Char2_9,아츠 초기화 포션 - 네크로맨서,Consume,FALSE,Premium,,,,Item_Consume,Self,Item_Common,Item_Common,ETC,icon_item_AbillityReset,icon_item_AbillityReset,,마우스 오른쪽 버튼 클릭으로 사용,,캐릭터에 적용된 네크로맨서 아츠를 초기화 합니다. 해당 클래스를 보유하고 있는 경우에만 사용 가능합니다.,item_drop_paper_1,consume_drink,,,YES,YES,NO,NO,NO,,Normal,AbilityPointReset,YES,SCR_PRECHECK_CONSUME,TX,,ABILITY_POINT_RESET_ARTS_C,,YES,,,YES,NO,NO,No,,NO,NO,Premium_Consume,,
2021026,0,0,0,1,0,0,100,0,100,1,0.1,0,0,2,11,0,0,0,0,0,0,Premium_AbillityArts_Char2_11,아츠 초기화 포션 - 엘리멘탈리스트,Consume,FALSE,Premium,,,,Item_Consume,Self,Item_Common,Item_Common,ETC,icon_item_AbillityReset,icon_item_AbillityReset,,마우스 오른쪽 버튼 클릭으로 사용,,캐릭터에 적용된 엘리멘탈리스트 아츠를 초기화 합니다. 해당 클래스를 보유하고 있는 경우에만 사용 가능합니다.,item_drop_paper_1,consume_drink,,,YES,YES,NO,NO,NO,,Normal,AbilityPointReset,YES,SCR_PRECHECK_CONSUME,TX,,ABILITY_POINT_RESET_ARTS_C,,YES,,,YES,NO,NO,No,,NO,NO,Premium_Consume,,
2021027,0,0,0,1,0,0,100,0,100,1,0.1,0,0,2,14,0,0,0,0,0,0,Premium_AbillityArts_Char2_14,아츠 초기화 포션 - 세이지,Consume,FALSE,Premium,,,,Item_Consume,Self,Item_Common,Item_Common,ETC,icon_item_AbillityReset,icon_item_AbillityReset,,마우스 오른쪽 버튼 클릭으로 사용,,캐릭터에 적용된 세이지 아츠를 초기화 합니다. 해당 클래스를 보유하고 있는 경우에만 사용 가능합니다.,item_drop_paper_1,consume_drink,,,YES,YES,NO,NO,NO,,Normal,AbilityPointReset,YES,SCR_PRECHECK_CONSUME,TX,,ABILITY_POINT_RESET_ARTS_C,,YES,,,YES,NO,NO,No,,NO,NO,Premium_Consume,,
2021028,0,0,0,1,0,0,100,0,100,1,0.1,0,0,2,15,0,0,0,0,0,0,Premium_AbillityArts_Char2_15,아츠 초기화 포션 - 워록,Consume,FALSE,Premium,,,,Item_Consume,Self,Item_Common,Item_Common,ETC,icon_item_AbillityReset,icon_item_AbillityReset,,마우스 오른쪽 버튼 클릭으로 사용,,캐릭터에 적용된 워록 아츠를 초기화 합니다. 해당 클래스를 보유하고 있는 경우에만 사용 가능합니다.,item_drop_paper_1,consume_drink,,,YES,YES,NO,NO,NO,,Normal,AbilityPointReset,YES,SCR_PRECHECK_CONSUME,TX,,ABILITY_POINT_RESET_ARTS_C,,YES,,,YES,NO,NO,No,,NO,NO,Premium_Consume,,
2021029,0,0,0,1,0,0,100,0,100,1,0.1,0,0,2,16,0,0,0,0,0,0,Premium_AbillityArts_Char2_16,아츠 초기화 포션 - 페더풋,Consume,FALSE,Premium,,,,Item_Consume,Self,Item_Common,Item_Common,ETC,icon_item_AbillityReset,icon_item_AbillityReset,,마우스 오른쪽 버튼 클릭으로 사용,,캐릭터에 적용된 페더풋 아츠를 초기화 합니다. 해당 클래스를 보유하고 있는 경우에만 사용 가능합니다.,item_drop_paper_1,consume_drink,,,YES,YES,NO,NO,NO,,Normal,AbilityPointReset,YES,SCR_PRECHECK_CONSUME,TX,,ABILITY_POINT_RESET_ARTS_C,,YES,,,YES,NO,NO,No,,NO,NO,Premium_Consume,,
2021030,0,0,0,1,0,0,100,0,100,1,0.1,0,0,2,17,0,0,0,0,0,0,Premium_AbillityArts_Char2_17,아츠 초기화 포션 - 룬캐스터,Consume,FALSE,Premium,,,,Item_Consume,Self,Item_Common,Item_Common,ETC,icon_item_AbillityReset,icon_item_AbillityReset,,마우스 오른쪽 버튼 클릭으로 사용,,캐릭터에 적용된 룬캐스터 아츠를 초기화 합니다. 해당 클래스를 보유하고 있는 경우에만 사용 가능합니다.,item_drop_paper_1,consume_drink,,,YES,YES,NO,NO,NO,,Normal,AbilityPointReset,YES,SCR_PRECHECK_CONSUME,TX,,ABILITY_POINT_RESET_ARTS_C,,YES,,,YES,NO,NO,No,,NO,NO,Premium_Consume,,
2021031,0,0,0,1,0,0,100,0,100,1,0.1,0,0,2,19,0,0,0,0,0,0,Premium_AbillityArts_Char2_19,아츠 초기화 포션 - 섀도우맨서,Consume,FALSE,Premium,,,,Item_Consume,Self,Item_Common,Item_Common,ETC,icon_item_AbillityReset,icon_item_AbillityReset,,마우스 오른쪽 버튼 클릭으로 사용,,캐릭터에 적용된 섀도우맨서 아츠를 초기화 합니다. 해당 클래스를 보유하고 있는 경우에만 사용 가능합니다.,item_drop_paper_1,consume_drink,,,YES,YES,NO,NO,NO,,Normal,AbilityPointReset,YES,SCR_PRECHECK_CONSUME,TX,,ABILITY_POINT_RESET_ARTS_C,,YES,,,YES,NO,NO,No,,NO,NO,Premium_Consume,,
2021032,0,0,0,1,0,0,100,0,100,1,0.1,0,0,2,20,0,0,0,0,0,0,Premium_AbillityArts_Char2_20,아츠 초기화 포션 - 음양사,Consume,FALSE,Premium,,,,Item_Consume,Self,Item_Common,Item_Common,ETC,icon_item_AbillityReset,icon_item_AbillityReset,,마우스 오른쪽 버튼 클릭으로 사용,,캐릭터에 적용된 음양사 아츠를 초기화 합니다. 해당 클래스를 보유하고 있는 경우에만 사용 가능합니다.,item_drop_paper_1,consume_drink,,,YES,YES,NO,NO,NO,,Normal,AbilityPointReset,YES,SCR_PRECHECK_CONSUME,TX,,ABILITY_POINT_RESET_ARTS_C,,YES,,,YES,NO,NO,No,,NO,NO,Premium_Consume,,
2021033,0,0,0,1,0,0,100,0,100,1,0.1,0,0,2,21,0,0,0,0,0,0,Premium_AbillityArts_Char2_21,아츠 초기화 포션 - 도사,Consume,FALSE,Premium,,,,Item_Consume,Self,Item_Common,Item_Common,ETC,icon_item_AbillityReset,icon_item_AbillityReset,,마우스 오른쪽 버튼 클릭으로 사용,,캐릭터에 적용된 도사 아츠를 초기화 합니다. 해당 클래스를 보유하고 있는 경우에만 사용 가능합니다.,item_drop_paper_1,consume_drink,,,YES,YES,NO,NO,NO,,Normal,AbilityPointReset,YES,SCR_PRECHECK_CONSUME,TX,,ABILITY_POINT_RESET_ARTS_C,,YES,,,YES,NO,NO,No,,NO,NO,Premium_Consume,,
2021034,0,0,0,1,0,0,100,0,100,1,0.1,0,0,2,22,0,0,0,0,0,0,Premium_AbillityArts_Char2_22,아츠 초기화 포션 - 보코르,Consume,FALSE,Premium,,,,Item_Consume,Self,Item_Common,Item_Common,ETC,icon_item_AbillityReset,icon_item_AbillityReset,,마우스 오른쪽 버튼 클릭으로 사용,,캐릭터에 적용된 보코르 아츠를 초기화 합니다. 해당 클래스를 보유하고 있는 경우에만 사용 가능합니다.,item_drop_paper_1,consume_drink,,,YES,YES,NO,NO,NO,,Normal,AbilityPointReset,YES,SCR_PRECHECK_CONSUME,TX,,ABILITY_POINT_RESET_ARTS_C,,YES,,,YES,NO,NO,No,,NO,NO,Premium_Consume,,
2021035,0,0,0,1,0,0,100,0,100,1,0.1,0,0,3,1,0,0,0,0,0,0,Premium_AbillityArts_Char3_1,아츠 초기화 포션 - 아처,Consume,FALSE,Premium,,,,Item_Consume,Self,Item_Common,Item_Common,ETC,icon_item_AbillityReset,icon_item_AbillityReset,,마우스 오른쪽 버튼 클릭으로 사용,,캐릭터에 적용된 아처 아츠를 초기화 합니다. 해당 클래스를 보유하고 있는 경우에만 사용 가능합니다.,item_drop_paper_1,consume_drink,,,YES,YES,NO,NO,NO,,Normal,AbilityPointReset,YES,SCR_PRECHECK_CONSUME,TX,,ABILITY_POINT_RESET_ARTS_C,,YES,,,YES,NO,NO,No,,NO,NO,Premium_Consume,,
2021036,0,0,0,1,0,0,100,0,100,1,0.1,0,0,3,2,0,0,0,0,0,0,Premium_AbillityArts_Char3_2,아츠 초기화 포션 - 헌터,Consume,FALSE,Premium,,,,Item_Consume,Self,Item_Common,Item_Common,ETC,icon_item_AbillityReset,icon_item_AbillityReset,,마우스 오른쪽 버튼 클릭으로 사용,,캐릭터에 적용된 헌터 아츠를 초기화 합니다. 해당 클래스를 보유하고 있는 경우에만 사용 가능합니다.,item_drop_paper_1,consume_drink,,,YES,YES,NO,NO,NO,,Normal,AbilityPointReset,YES,SCR_PRECHECK_CONSUME,TX,,ABILITY_POINT_RESET_ARTS_C,,YES,,,YES,NO,NO,No,,NO,NO,Premium_Consume,,
2021037,0,0,0,1,0,0,100,0,100,1,0.1,0,0,3,3,0,0,0,0,0,0,Premium_AbillityArts_Char3_3,아츠 초기화 포션 - 쿼렐슈터,Consume,FALSE,Premium,,,,Item_Consume,Self,Item_Common,Item_Common,ETC,icon_item_AbillityReset,icon_item_AbillityReset,,마우스 오른쪽 버튼 클릭으로 사용,,캐릭터에 적용된 쿼렐슈터 아츠를 초기화 합니다. 해당 클래스를 보유하고 있는 경우에만 사용 가능합니다.,item_drop_paper_1,consume_drink,,,YES,YES,NO,NO,NO,,Normal,AbilityPointReset,YES,SCR_PRECHECK_CONSUME,TX,,ABILITY_POINT_RESET_ARTS_C,,YES,,,YES,NO,NO,No,,NO,NO,Premium_Consume,,
2021038,0,0,0,1,0,0,100,0,100,1,0.1,0,0,3,4,0,0,0,0,0,0,Premium_AbillityArts_Char3_4,아츠 초기화 포션 - 레인저,Consume,FALSE,Premium,,,,Item_Consume,Self,Item_Common,Item_Common,ETC,icon_item_AbillityReset,icon_item_AbillityReset,,마우스 오른쪽 버튼 클릭으로 사용,,캐릭터에 적용된 레인저 아츠를 초기화 합니다. 해당 클래스를 보유하고 있는 경우에만 사용 가능합니다.,item_drop_paper_1,consume_drink,,,YES,YES,NO,NO,NO,,Normal,AbilityPointReset,YES,SCR_PRECHECK_CONSUME,TX,,ABILITY_POINT_RESET_ARTS_C,,YES,,,YES,NO,NO,No,,NO,NO,Premium_Consume,,
2021039,0,0,0,1,0,0,100,0,100,1,0.1,0,0,3,5,0,0,0,0,0,0,Premium_AbillityArts_Char3_5,아츠 초기화 포션 - 새퍼,Consume,FALSE,Premium,,,,Item_Consume,Self,Item_Common,Item_Common,ETC,icon_item_AbillityReset,icon_item_AbillityReset,,마우스 오른쪽 버튼 클릭으로 사용,,캐릭터에 적용된 새퍼 아츠를 초기화 합니다. 해당 클래스를 보유하고 있는 경우에만 사용 가능합니다.,item_drop_paper_1,consume_drink,,,YES,YES,NO,NO,NO,,Normal,AbilityPointReset,YES,SCR_PRECHECK_CONSUME,TX,,ABILITY_POINT_RESET_ARTS_C,,YES,,,YES,NO,NO,No,,NO,NO,Premium_Consume,,
2021040,0,0,0,1,0,0,100,0,100,1,0.1,0,0,3,6,0,0,0,0,0,0,Premium_AbillityArts_Char3_6,아츠 초기화 포션 - 무고사,Consume,FALSE,Premium,,,,Item_Consume,Self,Item_Common,Item_Common,ETC,icon_item_AbillityReset,icon_item_AbillityReset,,마우스 오른쪽 버튼 클릭으로 사용,,캐릭터에 적용된 무고사 아츠를 초기화 합니다. 해당 클래스를 보유하고 있는 경우에만 사용 가능합니다.,item_drop_paper_1,consume_drink,,,YES,YES,NO,NO,NO,,Normal,AbilityPointReset,YES,SCR_PRECHECK_CONSUME,TX,,ABILITY_POINT_RESET_ARTS_C,,YES,,,YES,NO,NO,No,,NO,NO,Premium_Consume,,
2021041,0,0,0,1,0,0,100,0,100,1,0.1,0,0,3,11,0,0,0,0,0,0,Premium_AbillityArts_Char3_11,아츠 초기화 포션 - 플레쳐,Consume,FALSE,Premium,,,,Item_Consume,Self,Item_Common,Item_Common,ETC,icon_item_AbillityReset,icon_item_AbillityReset,,마우스 오른쪽 버튼 클릭으로 사용,,캐릭터에 적용된 플레쳐 아츠를 초기화 합니다. 해당 클래스를 보유하고 있는 경우에만 사용 가능합니다.,item_drop_paper_1,consume_drink,,,YES,YES,NO,NO,NO,,Normal,AbilityPointReset,YES,SCR_PRECHECK_CONSUME,TX,,ABILITY_POINT_RESET_ARTS_C,,YES,,,YES,NO,NO,No,,NO,NO,Premium_Consume,,
2021042,0,0,0,1,0,0,100,0,100,1,0.1,0,0,3,12,0,0,0,0,0,0,Premium_AbillityArts_Char3_12,아츠 초기화 포션 - 파이드 파이퍼,Consume,FALSE,Premium,,,,Item_Consume,Self,Item_Common,Item_Common,ETC,icon_item_AbillityReset,icon_item_AbillityReset,,마우스 오른쪽 버튼 클릭으로 사용,,캐릭터에 적용된 파이드 파이퍼 아츠를 초기화 합니다. 해당 클래스를 보유하고 있는 경우에만 사용 가능합니다.,item_drop_paper_1,consume_drink,,,YES,YES,NO,NO,NO,,Normal,AbilityPointReset,YES,SCR_PRECHECK_CONSUME,TX,,ABILITY_POINT_RESET_ARTS_C,,YES,,,YES,NO,NO,No,,NO,NO,Premium_Consume,,
2021043,0,0,0,1,0,0,100,0,100,1,0.1,0,0,3,13,0,0,0,0,0,0,Premium_AbillityArts_Char3_13,아츠 초기화 포션 - 감정사,Consume,FALSE,Premium,,,,Item_Consume,Self,Item_Common,Item_Common,ETC,icon_item_AbillityReset,icon_item_AbillityReset,,마우스 오른쪽 버튼 클릭으로 사용,,캐릭터에 적용된 감정사 아츠를 초기화 합니다. 해당 클래스를 보유하고 있는 경우에만 사용 가능합니다.,item_drop_paper_1,consume_drink,,,YES,YES,NO,NO,NO,,Normal,AbilityPointReset,YES,SCR_PRECHECK_CONSUME,TX,,ABILITY_POINT_RESET_ARTS_C,,YES,,,YES,NO,NO,No,,NO,NO,Premium_Consume,,
2021044,0,0,0,1,0,0,100,0,100,1,0.1,0,0,3,14,0,0,0,0,0,0,Premium_AbillityArts_Char3_14,아츠 초기화 포션 - 응사,Consume,FALSE,Premium,,,,Item_Consume,Self,Item_Common,Item_Common,ETC,icon_item_AbillityReset,icon_item_AbillityReset,,마우스 오른쪽 버튼 클릭으로 사용,,캐릭터에 적용된 응사 아츠를 초기화 합니다. 해당 클래스를 보유하고 있는 경우에만 사용 가능합니다.,item_drop_paper_1,consume_drink,,,YES,YES,NO,NO,NO,,Normal,AbilityPointReset,YES,SCR_PRECHECK_CONSUME,TX,,ABILITY_POINT_RESET_ARTS_C,,YES,,,YES,NO,NO,No,,NO,NO,Premium_Consume,,
2021045,0,0,0,1,0,0,100,0,100,1,0.1,0,0,3,15,0,0,0,0,0,0,Premium_AbillityArts_Char3_15,아츠 초기화 포션 - 캐노니어,Consume,FALSE,Premium,,,,Item_Consume,Self,Item_Common,Item_Common,ETC,icon_item_AbillityReset,icon_item_AbillityReset,,마우스 오른쪽 버튼 클릭으로 사용,,캐릭터에 적용된 캐노니어 아츠를 초기화 합니다. 해당 클래스를 보유하고 있는 경우에만 사용 가능합니다.,item_drop_paper_1,consume_drink,,,YES,YES,NO,NO,NO,,Normal,AbilityPointReset,YES,SCR_PRECHECK_CONSUME,TX,,ABILITY_POINT_RESET_ARTS_C,,YES,,,YES,NO,NO,No,,NO,NO,Premium_Consume,,
2021046,0,0,0,1,0,0,100,0,100,1,0.1,0,0,3,16,0,0,0,0,0,0,Premium_AbillityArts_Char3_16,아츠 초기화 포션 - 머스킷티어,Consume,FALSE,Premium,,,,Item_Consume,Self,Item_Common,Item_Common,ETC,icon_item_AbillityReset,icon_item_AbillityReset,,마우스 오른쪽 버튼 클릭으로 사용,,캐릭터에 적용된 머스킷티어 아츠를 초기화 합니다. 해당 클래스를 보유하고 있는 경우에만 사용 가능합니다.,item_drop_paper_1,consume_drink,,,YES,YES,NO,NO,NO,,Normal,AbilityPointReset,YES,SCR_PRECHECK_CONSUME,TX,,ABILITY_POINT_RESET_ARTS_C,,YES,,,YES,NO,NO,No,,NO,NO,Premium_Consume,,
2021047,0,0,0,1,0,0,100,0,100,1,0.1,0,0,3,17,0,0,0,0,0,0,Premium_AbillityArts_Char3_17,아츠 초기화 포션 - 메르겐,Consume,FALSE,Premium,,,,Item_Consume,Self,Item_Common,Item_Common,ETC,icon_item_AbillityReset,icon_item_AbillityReset,,마우스 오른쪽 버튼 클릭으로 사용,,캐릭터에 적용된 메르겐 아츠를 초기화 합니다. 해당 클래스를 보유하고 있는 경우에만 사용 가능합니다.,item_drop_paper_1,consume_drink,,,YES,YES,NO,NO,NO,,Normal,AbilityPointReset,YES,SCR_PRECHECK_CONSUME,TX,,ABILITY_POINT_RESET_ARTS_C,,YES,,,YES,NO,NO,No,,NO,NO,Premium_Consume,,
2021048,0,0,0,1,0,0,100,0,100,1,0.1,0,0,3,18,0,0,0,0,0,0,Premium_AbillityArts_Char3_18,아츠 초기화 포션 - 매트로스,Consume,FALSE,Premium,,,,Item_Consume,Self,Item_Common,Item_Common,ETC,icon_item_AbillityReset,icon_item_AbillityReset,,마우스 오른쪽 버튼 클릭으로 사용,,캐릭터에 적용된 매트로스 아츠를 초기화 합니다. 해당 클래스를 보유하고 있는 경우에만 사용 가능합니다.,item_drop_paper_1,consume_drink,,,YES,YES,NO,NO,NO,,Normal,AbilityPointReset,YES,SCR_PRECHECK_CONSUME,TX,,ABILITY_POINT_RESET_ARTS_C,,YES,,,YES,NO,NO,No,,NO,NO,Premium_Consume,,
2021049,0,0,0,1,0,0,100,0,100,1,0.1,0,0,3,19,0,0,0,0,0,0,Premium_AbillityArts_Char3_19,아츠 초기화 포션 - 산포,Consume,FALSE,Premium,,,,Item_Consume,Self,Item_Common,Item_Common,ETC,icon_item_AbillityReset,icon_item_AbillityReset,,마우스 오른쪽 버튼 클릭으로 사용,,캐릭터에 적용된 산포 아츠를 초기화 합니다. 해당 클래스를 보유하고 있는 경우에만 사용 가능합니다.,item_drop_paper_1,consume_drink,,,YES,YES,NO,NO,NO,,Normal,AbilityPointReset,YES,SCR_PRECHECK_CONSUME,TX,,ABILITY_POINT_RESET_ARTS_C,,YES,,,YES,NO,NO,No,,NO,NO,Premium_Consume,,
2021050,0,0,0,1,0,0,100,0,100,1,0.1,0,0,4,1,0,0,0,0,0,0,Premium_AbillityArts_Char4_1,아츠 초기화 포션 - 클레릭,Consume,FALSE,Premium,,,,Item_Consume,Self,Item_Common,Item_Common,ETC,icon_item_AbillityReset,icon_item_AbillityReset,,마우스 오른쪽 버튼 클릭으로 사용,,캐릭터에 적용된 클레릭 아츠를 초기화 합니다. 해당 클래스를 보유하고 있는 경우에만 사용 가능합니다.,item_drop_paper_1,consume_drink,,,YES,YES,NO,NO,NO,,Normal,AbilityPointReset,YES,SCR_PRECHECK_CONSUME,TX,,ABILITY_POINT_RESET_ARTS_C,,YES,,,YES,NO,NO,No,,NO,NO,Premium_Consume,,
2021051,0,0,0,1,0,0,100,0,100,1,0.1,0,0,4,2,0,0,0,0,0,0,Premium_AbillityArts_Char4_2,아츠 초기화 포션 - 프리스트,Consume,FALSE,Premium,,,,Item_Consume,Self,Item_Common,Item_Common,ETC,icon_item_AbillityReset,icon_item_AbillityReset,,마우스 오른쪽 버튼 클릭으로 사용,,캐릭터에 적용된 프리스트 아츠를 초기화 합니다. 해당 클래스를 보유하고 있는 경우에만 사용 가능합니다.,item_drop_paper_1,consume_drink,,,YES,YES,NO,NO,NO,,Normal,AbilityPointReset,YES,SCR_PRECHECK_CONSUME,TX,,ABILITY_POINT_RESET_ARTS_C,,YES,,,YES,NO,NO,No,,NO,NO,Premium_Consume,,
2021052,0,0,0,1,0,0,100,0,100,1,0.1,0,0,4,3,0,0,0,0,0,0,Premium_AbillityArts_Char4_3,아츠 초기화 포션 - 크리비,Consume,FALSE,Premium,,,,Item_Consume,Self,Item_Common,Item_Common,ETC,icon_item_AbillityReset,icon_item_AbillityReset,,마우스 오른쪽 버튼 클릭으로 사용,,캐릭터에 적용된 크리비 아츠를 초기화 합니다. 해당 클래스를 보유하고 있는 경우에만 사용 가능합니다.,item_drop_paper_1,consume_drink,,,YES,YES,NO,NO,NO,,Normal,AbilityPointReset,YES,SCR_PRECHECK_CONSUME,TX,,ABILITY_POINT_RESET_ARTS_C,,YES,,,YES,NO,NO,No,,NO,NO,Premium_Consume,,
2021053,0,0,0,1,0,0,100,0,100,1,0.1,0,0,4,5,0,0,0,0,0,0,Premium_AbillityArts_Char4_5,아츠 초기화 포션 - 드루이드,Consume,FALSE,Premium,,,,Item_Consume,Self,Item_Common,Item_Common,ETC,icon_item_AbillityReset,icon_item_AbillityReset,,마우스 오른쪽 버튼 클릭으로 사용,,캐릭터에 적용된 드루이드 아츠를 초기화 합니다. 해당 클래스를 보유하고 있는 경우에만 사용 가능합니다.,item_drop_paper_1,consume_drink,,,YES,YES,NO,NO,NO,,Normal,AbilityPointReset,YES,SCR_PRECHECK_CONSUME,TX,,ABILITY_POINT_RESET_ARTS_C,,YES,,,YES,NO,NO,No,,NO,NO,Premium_Consume,,
2021054,0,0,0,1,0,0,100,0,100,1,0.1,0,0,4,6,0,0,0,0,0,0,Premium_AbillityArts_Char4_6,아츠 초기화 포션 - 사두,Consume,FALSE,Premium,,,,Item_Consume,Self,Item_Common,Item_Common,ETC,icon_item_AbillityReset,icon_item_AbillityReset,,마우스 오른쪽 버튼 클릭으로 사용,,캐릭터에 적용된 사두 아츠를 초기화 합니다. 해당 클래스를 보유하고 있는 경우에만 사용 가능합니다.,item_drop_paper_1,consume_drink,,,YES,YES,NO,NO,NO,,Normal,AbilityPointReset,YES,SCR_PRECHECK_CONSUME,TX,,ABILITY_POINT_RESET_ARTS_C,,YES,,,YES,NO,NO,No,,NO,NO,Premium_Consume,,
2021055,0,0,0,1,0,0,100,0,100,1,0.1,0,0,4,7,0,0,0,0,0,0,Premium_AbillityArts_Char4_7,아츠 초기화 포션 - 딥디르비,Consume,FALSE,Premium,,,,Item_Consume,Self,Item_Common,Item_Common,ETC,icon_item_AbillityReset,icon_item_AbillityReset,,마우스 오른쪽 버튼 클릭으로 사용,,캐릭터에 적용된 딥디르비 아츠를 초기화 합니다. 해당 클래스를 보유하고 있는 경우에만 사용 가능합니다.,item_drop_paper_1,consume_drink,,,YES,YES,NO,NO,NO,,Normal,AbilityPointReset,YES,SCR_PRECHECK_CONSUME,TX,,ABILITY_POINT_RESET_ARTS_C,,YES,,,YES,NO,NO,No,,NO,NO,Premium_Consume,,
2021056,0,0,0,1,0,0,100,0,100,1,0.1,0,0,4,8,0,0,0,0,0,0,Premium_AbillityArts_Char4_8,아츠 초기화 포션 - 오라클,Consume,FALSE,Premium,,,,Item_Consume,Self,Item_Common,Item_Common,ETC,icon_item_AbillityReset,icon_item_AbillityReset,,마우스 오른쪽 버튼 클릭으로 사용,,캐릭터에 적용된 오라클 아츠를 초기화 합니다. 해당 클래스를 보유하고 있는 경우에만 사용 가능합니다.,item_drop_paper_1,consume_drink,,,YES,YES,NO,NO,NO,,Normal,AbilityPointReset,YES,SCR_PRECHECK_CONSUME,TX,,ABILITY_POINT_RESET_ARTS_C,,YES,,,YES,NO,NO,No,,NO,NO,Premium_Consume,,
2021057,0,0,0,1,0,0,100,0,100,1,0.1,0,0,4,9,0,0,0,0,0,0,Premium_AbillityArts_Char4_9,아츠 초기화 포션 - 몽크,Consume,FALSE,Premium,,,,Item_Consume,Self,Item_Common,Item_Common,ETC,icon_item_AbillityReset,icon_item_AbillityReset,,마우스 오른쪽 버튼 클릭으로 사용,,캐릭터에 적용된 몽크 아츠를 초기화 합니다. 해당 클래스를 보유하고 있는 경우에만 사용 가능합니다.,item_drop_paper_1,consume_drink,,,YES,YES,NO,NO,NO,,Normal,AbilityPointReset,YES,SCR_PRECHECK_CONSUME,TX,,ABILITY_POINT_RESET_ARTS_C,,YES,,,YES,NO,NO,No,,NO,NO,Premium_Consume,,
2021058,0,0,0,1,0,0,100,0,100,1,0.1,0,0,4,10,0,0,0,0,0,0,Premium_AbillityArts_Char4_10,아츠 초기화 포션 - 파드너,Consume,FALSE,Premium,,,,Item_Consume,Self,Item_Common,Item_Common,ETC,icon_item_AbillityReset,icon_item_AbillityReset,,마우스 오른쪽 버튼 클릭으로 사용,,캐릭터에 적용된 파드너 아츠를 초기화 합니다. 해당 클래스를 보유하고 있는 경우에만 사용 가능합니다.,item_drop_paper_1,consume_drink,,,YES,YES,NO,NO,NO,,Normal,AbilityPointReset,YES,SCR_PRECHECK_CONSUME,TX,,ABILITY_POINT_RESET_ARTS_C,,YES,,,YES,NO,NO,No,,NO,NO,Premium_Consume,,
2021059,0,0,0,1,0,0,100,0,100,1,0.1,0,0,4,11,0,0,0,0,0,0,Premium_AbillityArts_Char4_11,아츠 초기화 포션 - 팔라딘,Consume,FALSE,Premium,,,,Item_Consume,Self,Item_Common,Item_Common,ETC,icon_item_AbillityReset,icon_item_AbillityReset,,마우스 오른쪽 버튼 클릭으로 사용,,캐릭터에 적용된 팔라딘 아츠를 초기화 합니다. 해당 클래스를 보유하고 있는 경우에만 사용 가능합니다.,item_drop_paper_1,consume_drink,,,YES,YES,NO,NO,NO,,Normal,AbilityPointReset,YES,SCR_PRECHECK_CONSUME,TX,,ABILITY_POINT_RESET_ARTS_C,,YES,,,YES,NO,NO,No,,NO,NO,Premium_Consume,,
2021060,0,0,0,1,0,0,100,0,100,1,0.1,0,0,4,12,0,0,0,0,0,0,Premium_AbillityArts_Char4_12,아츠 초기화 포션 - 채플린,Consume,FALSE,Premium,,,,Item_Consume,Self,Item_Common,Item_Common,ETC,icon_item_AbillityReset,icon_item_AbillityReset,,마우스 오른쪽 버튼 클릭으로 사용,,캐릭터에 적용된 채플린 아츠를 초기화 합니다. 해당 클래스를 보유하고 있는 경우에만 사용 가능합니다.,item_drop_paper_1,consume_drink,,,YES,YES,NO,NO,NO,,Normal,AbilityPointReset,YES,SCR_PRECHECK_CONSUME,TX,,ABILITY_POINT_RESET_ARTS_C,,YES,,,YES,NO,NO,No,,NO,NO,Premium_Consume,,
2021061,0,0,0,1,0,0,100,0,100,1,0.1,0,0,4,14,0,0,0,0,0,0,Premium_AbillityArts_Char4_14,아츠 초기화 포션 - 플레이그닥터,Consume,FALSE,Premium,,,,Item_Consume,Self,Item_Common,Item_Common,ETC,icon_item_AbillityReset,icon_item_AbillityReset,,마우스 오른쪽 버튼 클릭으로 사용,,캐릭터에 적용된 플레이그닥터 아츠를 초기화 합니다. 해당 클래스를 보유하고 있는 경우에만 사용 가능합니다.,item_drop_paper_1,consume_drink,,,YES,YES,NO,NO,NO,,Normal,AbilityPointReset,YES,SCR_PRECHECK_CONSUME,TX,,ABILITY_POINT_RESET_ARTS_C,,YES,,,YES,NO,NO,No,,NO,NO,Premium_Consume,,
2021062,0,0,0,1,0,0,100,0,100,1,0.1,0,0,4,15,0,0,0,0,0,0,Premium_AbillityArts_Char4_15,아츠 초기화 포션 - 카발리스트,Consume,FALSE,Premium,,,,Item_Consume,Self,Item_Common,Item_Common,ETC,icon_item_AbillityReset,icon_item_AbillityReset,,마우스 오른쪽 버튼 클릭으로 사용,,캐릭터에 적용된 카발리스트 아츠를 초기화 합니다. 해당 클래스를 보유하고 있는 경우에만 사용 가능합니다.,item_drop_paper_1,consume_drink,,,YES,YES,NO,NO,NO,,Normal,AbilityPointReset,YES,SCR_PRECHECK_CONSUME,TX,,ABILITY_POINT_RESET_ARTS_C,,YES,,,YES,NO,NO,No,,NO,NO,Premium_Consume,,
2021063,0,0,0,1,0,0,100,0,100,1,0.1,0,0,4,16,0,0,0,0,0,0,Premium_AbillityArts_Char4_16,아츠 초기화 포션 - 인퀴지터,Consume,FALSE,Premium,,,,Item_Consume,Self,Item_Common,Item_Common,ETC,icon_item_AbillityReset,icon_item_AbillityReset,,마우스 오른쪽 버튼 클릭으로 사용,,캐릭터에 적용된 인퀴지터 아츠를 초기화 합니다. 해당 클래스를 보유하고 있는 경우에만 사용 가능합니다.,item_drop_paper_1,consume_drink,,,YES,YES,NO,NO,NO,,Normal,AbilityPointReset,YES,SCR_PRECHECK_CONSUME,TX,,ABILITY_POINT_RESET_ARTS_C,,YES,,,YES,NO,NO,No,,NO,NO,Premium_Consume,,
2021064,0,0,0,1,0,0,100,0,100,1,0.1,0,0,4,18,0,0,0,0,0,0,Premium_AbillityArts_Char4_18,아츠 초기화 포션 - 무녀,Consume,FALSE,Premium,,,,Item_Consume,Self,Item_Common,Item_Common,ETC,icon_item_AbillityReset,icon_item_AbillityReset,,마우스 오른쪽 버튼 클릭으로 사용,,캐릭터에 적용된 무녀 아츠를 초기화 합니다. 해당 클래스를 보유하고 있는 경우에만 사용 가능합니다.,item_drop_paper_1,consume_drink,,,YES,YES,NO,NO,NO,,Normal,AbilityPointReset,YES,SCR_PRECHECK_CONSUME,TX,,ABILITY_POINT_RESET_ARTS_C,,YES,,,YES,NO,NO,No,,NO,NO,Premium_Consume,,
2021065,0,0,0,1,0,0,100,0,100,1,0.1,0,0,4,19,0,0,0,0,0,0,Premium_AbillityArts_Char4_19,아츠 초기화 포션 - 질럿,Consume,FALSE,Premium,,,,Item_Consume,Self,Item_Common,Item_Common,ETC,icon_item_AbillityReset,icon_item_AbillityReset,,마우스 오른쪽 버튼 클릭으로 사용,,캐릭터에 적용된 질럿 아츠를 초기화 합니다. 해당 클래스를 보유하고 있는 경우에만 사용 가능합니다.,item_drop_paper_1,consume_drink,,,YES,YES,NO,NO,NO,,Normal,AbilityPointReset,YES,SCR_PRECHECK_CONSUME,TX,,ABILITY_POINT_RESET_ARTS_C,,YES,,,YES,NO,NO,No,,NO,NO,Premium_Consume,,
2021066,0,0,0,1,0,0,100,0,100,1,0.1,0,0,4,20,0,0,0,0,0,0,Premium_AbillityArts_Char4_20,아츠 초기화 포션 - 엑소시스트,Consume,FALSE,Premium,,,,Item_Consume,Self,Item_Common,Item_Common,ETC,icon_item_AbillityReset,icon_item_AbillityReset,,마우스 오른쪽 버튼 클릭으로 사용,,캐릭터에 적용된 엑소시스트 아츠를 초기화 합니다. 해당 클래스를 보유하고 있는 경우에만 사용 가능합니다.,item_drop_paper_1,consume_drink,,,YES,YES,NO,NO,NO,,Normal,AbilityPointReset,YES,SCR_PRECHECK_CONSUME,TX,,ABILITY_POINT_RESET_ARTS_C,,YES,,,YES,NO,NO,No,,NO,NO,Premium_Consume,,
2021067,0,0,0,1,0,0,100,0,100,1,0.1,0,0,5,1,0,0,0,0,0,0,Premium_AbillityArts_Char5_1,아츠 초기화 포션 - 스카우트,Consume,FALSE,Premium,,,,Item_Consume,Self,Item_Common,Item_Common,ETC,icon_item_AbillityReset,icon_item_AbillityReset,,마우스 오른쪽 버튼 클릭으로 사용,,캐릭터에 적용된 스카우트 아츠를 초기화 합니다. 해당 클래스를 보유하고 있는 경우에만 사용 가능합니다.,item_drop_paper_1,consume_drink,,,YES,YES,NO,NO,NO,,Normal,AbilityPointReset,YES,SCR_PRECHECK_CONSUME,TX,,ABILITY_POINT_RESET_ARTS_C,,YES,,,YES,NO,NO,No,,NO,NO,Premium_Consume,,
2021068,0,0,0,1,0,0,100,0,100,1,0.1,0,0,5,2,0,0,0,0,0,0,Premium_AbillityArts_Char5_2,아츠 초기화 포션 - 어쌔신,Consume,FALSE,Premium,,,,Item_Consume,Self,Item_Common,Item_Common,ETC,icon_item_AbillityReset,icon_item_AbillityReset,,마우스 오른쪽 버튼 클릭으로 사용,,캐릭터에 적용된 어쌔신 아츠를 초기화 합니다. 해당 클래스를 보유하고 있는 경우에만 사용 가능합니다.,item_drop_paper_1,consume_drink,,,YES,YES,NO,NO,NO,,Normal,AbilityPointReset,YES,SCR_PRECHECK_CONSUME,TX,,ABILITY_POINT_RESET_ARTS_C,,YES,,,YES,NO,NO,No,,NO,NO,Premium_Consume,,
2021069,0,0,0,1,0,0,100,0,100,1,0.1,0,0,5,3,0,0,0,0,0,0,Premium_AbillityArts_Char5_3,아츠 초기화 포션 - 아웃로,Consume,FALSE,Premium,,,,Item_Consume,Self,Item_Common,Item_Common,ETC,icon_item_AbillityReset,icon_item_AbillityReset,,마우스 오른쪽 버튼 클릭으로 사용,,캐릭터에 적용된 아웃로 아츠를 초기화 합니다. 해당 클래스를 보유하고 있는 경우에만 사용 가능합니다.,item_drop_paper_1,consume_drink,,,YES,YES,NO,NO,NO,,Normal,AbilityPointReset,YES,SCR_PRECHECK_CONSUME,TX,,ABILITY_POINT_RESET_ARTS_C,,YES,,,YES,NO,NO,No,,NO,NO,Premium_Consume,,
2021070,0,0,0,1,0,0,100,0,100,1,0.1,0,0,5,4,0,0,0,0,0,0,Premium_AbillityArts_Char5_4,아츠 초기화 포션 - 스콰이어,Consume,FALSE,Premium,,,,Item_Consume,Self,Item_Common,Item_Common,ETC,icon_item_AbillityReset,icon_item_AbillityReset,,마우스 오른쪽 버튼 클릭으로 사용,,캐릭터에 적용된 스콰이어 아츠를 초기화 합니다. 해당 클래스를 보유하고 있는 경우에만 사용 가능합니다.,item_drop_paper_1,consume_drink,,,YES,YES,NO,NO,NO,,Normal,AbilityPointReset,YES,SCR_PRECHECK_CONSUME,TX,,ABILITY_POINT_RESET_ARTS_C,,YES,,,YES,NO,NO,No,,NO,NO,Premium_Consume,,
2021071,0,0,0,1,0,0,100,0,100,1,0.1,0,0,5,5,0,0,0,0,0,0,Premium_AbillityArts_Char5_5,아츠 초기화 포션 - 커세어,Consume,FALSE,Premium,,,,Item_Consume,Self,Item_Common,Item_Common,ETC,icon_item_AbillityReset,icon_item_AbillityReset,,마우스 오른쪽 버튼 클릭으로 사용,,캐릭터에 적용된 커세어 아츠를 초기화 합니다. 해당 클래스를 보유하고 있는 경우에만 사용 가능합니다.,item_drop_paper_1,consume_drink,,,YES,YES,NO,NO,NO,,Normal,AbilityPointReset,YES,SCR_PRECHECK_CONSUME,TX,,ABILITY_POINT_RESET_ARTS_C,,YES,,,YES,NO,NO,No,,NO,NO,Premium_Consume,,
2021072,0,0,0,1,0,0,100,0,100,1,0.1,0,0,5,6,0,0,0,0,0,0,Premium_AbillityArts_Char5_6,아츠 초기화 포션 - 시노비,Consume,FALSE,Premium,,,,Item_Consume,Self,Item_Common,Item_Common,ETC,icon_item_AbillityReset,icon_item_AbillityReset,,마우스 오른쪽 버튼 클릭으로 사용,,캐릭터에 적용된 시노비 아츠를 초기화 합니다. 해당 클래스를 보유하고 있는 경우에만 사용 가능합니다.,item_drop_paper_1,consume_drink,,,YES,YES,NO,NO,NO,,Normal,AbilityPointReset,YES,SCR_PRECHECK_CONSUME,TX,,ABILITY_POINT_RESET_ARTS_C,,YES,,,YES,NO,NO,No,,NO,NO,Premium_Consume,,
2021073,0,0,0,1,0,0,100,0,100,1,0.1,0,0,5,7,0,0,0,0,0,0,Premium_AbillityArts_Char5_7,아츠 초기화 포션 - 쏘마터지,Consume,FALSE,Premium,,,,Item_Consume,Self,Item_Common,Item_Common,ETC,icon_item_AbillityReset,icon_item_AbillityReset,,마우스 오른쪽 버튼 클릭으로 사용,,캐릭터에 적용된 쏘마터지 아츠를 초기화 합니다. 해당 클래스를 보유하고 있는 경우에만 사용 가능합니다.,item_drop_paper_1,consume_drink,,,YES,YES,NO,NO,NO,,Normal,AbilityPointReset,YES,SCR_PRECHECK_CONSUME,TX,,ABILITY_POINT_RESET_ARTS_C,,YES,,,YES,NO,NO,No,,NO,NO,Premium_Consume,,
2021074,0,0,0,1,0,0,100,0,100,1,0.1,0,0,5,8,0,0,0,0,0,0,Premium_AbillityArts_Char5_8,아츠 초기화 포션 - 인챈터,Consume,FALSE,Premium,,,,Item_Consume,Self,Item_Common,Item_Common,ETC,icon_item_AbillityReset,icon_item_AbillityReset,,마우스 오른쪽 버튼 클릭으로 사용,,캐릭터에 적용된 인챈터 아츠를 초기화 합니다. 해당 클래스를 보유하고 있는 경우에만 사용 가능합니다.,item_drop_paper_1,consume_drink,,,YES,YES,NO,NO,NO,,Normal,AbilityPointReset,YES,SCR_PRECHECK_CONSUME,TX,,ABILITY_POINT_RESET_ARTS_C,,YES,,,YES,NO,NO,No,,NO,NO,Premium_Consume,,
2021075,0,0,0,1,0,0,100,0,100,1,0.1,0,0,5,9,0,0,0,0,0,0,Premium_AbillityArts_Char5_9,아츠 초기화 포션 - 링커,Consume,FALSE,Premium,,,,Item_Consume,Self,Item_Common,Item_Common,ETC,icon_item_AbillityReset,icon_item_AbillityReset,,마우스 오른쪽 버튼 클릭으로 사용,,캐릭터에 적용된 링커 아츠를 초기화 합니다. 해당 클래스를 보유하고 있는 경우에만 사용 가능합니다.,item_drop_paper_1,consume_drink,,,YES,YES,NO,NO,NO,,Normal,AbilityPointReset,YES,SCR_PRECHECK_CONSUME,TX,,ABILITY_POINT_RESET_ARTS_C,,YES,,,YES,NO,NO,No,,NO,NO,Premium_Consume,,
2021076,0,0,0,1,0,0,100,0,100,1,0.1,0,0,5,10,0,0,0,0,0,0,Premium_AbillityArts_Char5_10,아츠 초기화 포션 - 로그,Consume,FALSE,Premium,,,,Item_Consume,Self,Item_Common,Item_Common,ETC,icon_item_AbillityReset,icon_item_AbillityReset,,마우스 오른쪽 버튼 클릭으로 사용,,캐릭터에 적용된 로그 아츠를 초기화 합니다. 해당 클래스를 보유하고 있는 경우에만 사용 가능합니다.,item_drop_paper_1,consume_drink,,,YES,YES,NO,NO,NO,,Normal,AbilityPointReset,YES,SCR_PRECHECK_CONSUME,TX,,ABILITY_POINT_RESET_ARTS_C,,YES,,,YES,NO,NO,No,,NO,NO,Premium_Consume,,
2021077,0,0,0,1,0,0,100,0,100,1,0.1,0,0,5,11,0,0,0,0,0,0,Premium_AbillityArts_Char5_11,아츠 초기화 포션 - 슈바르츠라이터,Consume,FALSE,Premium,,,,Item_Consume,Self,Item_Common,Item_Common,ETC,icon_item_AbillityReset,icon_item_AbillityReset,,마우스 오른쪽 버튼 클릭으로 사용,,캐릭터에 적용된 슈바르츠라이터 아츠를 초기화 합니다. 해당 클래스를 보유하고 있는 경우에만 사용 가능합니다.,item_drop_paper_1,consume_drink,,,YES,YES,NO,NO,NO,,Normal,AbilityPointReset,YES,SCR_PRECHECK_CONSUME,TX,,ABILITY_POINT_RESET_ARTS_C,,YES,,,YES,NO,NO,No,,NO,NO,Premium_Consume,,
2021078,0,0,0,1,0,0,100,0,100,1,0.1,0,0,5,12,0,0,0,0,0,0,Premium_AbillityArts_Char5_12,아츠 초기화 포션 - 불릿 마커,Consume,FALSE,Premium,,,,Item_Consume,Self,Item_Common,Item_Common,ETC,icon_item_AbillityReset,icon_item_AbillityReset,,마우스 오른쪽 버튼 클릭으로 사용,,캐릭터에 적용된 불릿 마커 아츠를 초기화 합니다. 해당 클래스를 보유하고 있는 경우에만 사용 가능합니다.,item_drop_paper_1,consume_drink,,,YES,YES,NO,NO,NO,,Normal,AbilityPointReset,YES,SCR_PRECHECK_CONSUME,TX,,ABILITY_POINT_RESET_ARTS_C,,YES,,,YES,NO,NO,No,,NO,NO,Premium_Consume,,
2021079,0,0,0,1,0,0,100,0,100,1,0.1,0,0,5,13,0,0,0,0,0,0,Premium_AbillityArts_Char5_13,아츠 초기화 포션 - 아르디티,Consume,FALSE,Premium,,,,Item_Consume,Self,Item_Common,Item_Common,ETC,icon_item_AbillityReset,icon_item_AbillityReset,,마우스 오른쪽 버튼 클릭으로 사용,,캐릭터에 적용된 아르디티 아츠를 초기화 합니다. 해당 클래스를 보유하고 있는 경우에만 사용 가능합니다.,item_drop_paper_1,consume_drink,,,YES,YES,NO,NO,NO,,Normal,AbilityPointReset,YES,SCR_PRECHECK_CONSUME,TX,,ABILITY_POINT_RESET_ARTS_C,,YES,,,YES,NO,NO,No,,NO,NO,Premium_Consume,,
2021080,0,0,0,1,0,0,100,0,100,1,0.1,0,0,5,14,0,0,0,0,0,0,Premium_AbillityArts_Char5_14,아츠 초기화 포션 - 셰리프,Consume,FALSE,Premium,,,,Item_Consume,Self,Item_Common,Item_Common,ETC,icon_item_AbillityReset,icon_item_AbillityReset,,마우스 오른쪽 버튼 클릭으로 사용,,캐릭터에 적용된 셰리프 아츠를 초기화 합니다. 해당 클래스를 보유하고 있는 경우에만 사용 가능합니다.,item_drop_paper_1,consume_drink,,,YES,YES,NO,NO,NO,,Normal,AbilityPointReset,YES,SCR_PRECHECK_CONSUME,TX,,ABILITY_POINT_RESET_ARTS_C,,YES,,,YES,NO,NO,No,,NO,NO,Premium_Consume,,
2021081,0,0,0,1,0,0,100,0,100,1,0.1,0,0,1,22,0,0,0,0,0,0,Premium_AbillityArts_Char1_22,아츠 초기화 포션 - 매화검수,Consume,FALSE,Premium,,,,Item_Consume,Self,Item_Common,Item_Common,ETC,icon_item_AbillityReset,icon_item_AbillityReset,,마우스 오른쪽 버튼 클릭으로 사용,,캐릭터에 적용된 매화검수 아츠를 초기화 합니다. 해당 클래스를 보유하고 있는 경우에만 사용 가능합니다.,item_drop_paper_1,consume_drink,,,YES,YES,NO,NO,NO,,Normal,AbilityPointReset,YES,SCR_PRECHECK_CONSUME,TX,,ABILITY_POINT_RESET_ARTS_C,,YES,,,YES,NO,NO,No,,NO,NO,Premium_Consume,,
2021082,0,0,0,1,0,0,100,0,100,1,0.1,0,0,2,23,0,0,0,0,0,0,Premium_AbillityArts_Char2_23,아츠 초기화 포션 - 테라맨서,Consume,FALSE,Premium,,,,Item_Consume,Self,Item_Common,Item_Common,ETC,icon_item_AbillityReset,icon_item_AbillityReset,,마우스 오른쪽 버튼 클릭으로 사용,,캐릭터에 적용된 테라맨서 아츠를 초기화 합니다. 해당 클래스를 보유하고 있는 경우에만 사용 가능합니다.,item_drop_paper_1,consume_drink,,,YES,YES,NO,NO,NO,,Normal,AbilityPointReset,YES,SCR_PRECHECK_CONSUME,TX,,ABILITY_POINT_RESET_ARTS_C,,YES,,,YES,NO,NO,No,,NO,NO,Premium_Consume,,
2021083,0,0,0,1,0,0,100,0,100,1,0.1,0,0,3,20,0,0,0,0,0,0,Premium_AbillityArts_Char3_20,아츠 초기화 포션 - 아발리스터,Consume,FALSE,Premium,,,,Item_Consume,Self,Item_Common,Item_Common,ETC,icon_item_AbillityReset,icon_item_AbillityReset,,마우스 오른쪽 버튼 클릭으로 사용,,캐릭터에 적용된 아발리스터 아츠를 초기화 합니다. 해당 클래스를 보유하고 있는 경우에만 사용 가능합니다.,item_drop_paper_1,consume_drink,,,YES,YES,NO,NO,NO,,Normal,AbilityPointReset,YES,SCR_PRECHECK_CONSUME,TX,,ABILITY_POINT_RESET_ARTS_C,,YES,,,YES,NO,NO,No,,NO,NO,Premium_Consume,,
2021084,0,0,0,1,0,0,100,0,100,1,0.1,0,0,4,21,0,0,0,0,0,0,Premium_AbillityArts_Char4_21,아츠 초기화 포션 - 크루세이더,Consume,FALSE,Premium,,,,Item_Consume,Self,Item_Common,Item_Common,ETC,icon_item_AbillityReset,icon_item_AbillityReset,,마우스 오른쪽 버튼 클릭으로 사용,,캐릭터에 적용된 크루세이더 아츠를 초기화 합니다. 해당 클래스를 보유하고 있는 경우에만 사용 가능합니다.,item_drop_paper_1,consume_drink,,,YES,YES,NO,NO,NO,,Normal,AbilityPointReset,YES,SCR_PRECHECK_CONSUME,TX,,ABILITY_POINT_RESET_ARTS_C,,YES,,,YES,NO,NO,No,,NO,NO,Premium_Consume,,
2021085,0,0,0,1,0,0,100,0,100,1,0.1,0,0,5,15,0,0,0,0,0,0,Premium_AbillityArts_Char5_15,아츠 초기화 포션 - 랑다,Consume,FALSE,Premium,,,,Item_Consume,Self,Item_Common,Item_Common,ETC,icon_item_AbillityReset,icon_item_AbillityReset,,마우스 오른쪽 버튼 클릭으로 사용,,캐릭터에 적용된 랑다 아츠를 초기화 합니다. 해당 클래스를 보유하고 있는 경우에만 사용 가능합니다.,item_drop_paper_1,consume_drink,,,YES,YES,NO,NO,NO,,Normal,AbilityPointReset,YES,SCR_PRECHECK_CONSUME,TX,,ABILITY_POINT_RESET_ARTS_C,,YES,,,YES,NO,NO,No,,NO,NO,Premium_Consume,,
