ClassID,Weight,ItemGrade,ItemStar,UseLv,MaterialPrice,Price,PriceRatio,SellPrice,RepairPriceRatio,MaxStack,Scale,DropSoundTime,DeadBreakRatio,NumberArg1,NumberArg2,ItemCoolDown,ReopenDiscountRatio,BelongingCount,LifeTime,ItemLifeTimeOver,DynamicLifeTime,PackageTradeCount,ClassName,Name,ItemType,Journal,GroupName,EquipXpGroup,MergeTable1,MergeClass1,MergeTable2,MergeClass2,MergeTable3,MergeClass3,ToolTipScp,TooltipImage,Icon,SpineTooltipImage,ReqToolTip,TooltipValue,Desc,DropSound,EquipSound,InOutScp,Script,Destroyable,TeamTrade,ShopTrade,MarketTrade,UserTrade,RefreshScp,DropStyle,StringArg,Usable,PreCheckScp,Consumable,UseAnim,ClientScp,ParticleName,UseTx,CoolDown,CoolDownGroup,AllowDuplicate,AllowReopen,NotExist,LogoutSave,ItemLifeTime,CubeDuplicate,PVPMap,MarketCategory,DynamicCalcLifeTimeFunc,EnableEquipMap,PVP,PackageTradeAble,Package
11030001,1,4,0,1,0,0,100,0,100,32767,0.1,0,0,10,0,0,0,0,0,0,0,0,piece_evil_misc,검붉은 영혼석 파편,Consume,FALSE,Cube,,,,Item_Consume,Self,Item_Common,Item_Common,ETC,icon_item_Piece_Evil_misc,icon_item_Piece_Evil_misc,,마우스 오른쪽 버튼 클릭으로 사용,,10개를 모아서 사용하면 검붉은 영혼석 조각을 획득할 수 있습니다. 마우스 오른쪽 버튼 클릭으로 사용합니다.,item_drop_hp_1,,,SCR_USE_GIVE_EVIL_MISC,NO,YES,NO,YES,NO,,Normal,evil_misc/1,YES,SCR_PRECHECK_CONSUME,NO,,BEFORE_APPLIED_YESSCP_OPEN_BASIC_MSG,,YES,,,YES,NO,NO,No,,YES,NO,Consume_Cube,,,,,
11030002,1,4,0,1,0,10,100,10,100,32767,0.1,0,0,2,0,0,0,0,0,0,0,0,evil_misc,검붉은 영혼석 조각,Consume,FALSE,Cube,,,,Item_Consume,Self,Item_Common,Item_Common,ETC,icon_item_Evil_misc,icon_item_Evil_misc,,마우스 오른쪽 버튼 클릭으로 사용,,2개를 모아서 사용하면 마신의 방어구 제작서를 선택할 수 있습니다. 마우스 오른쪽 버튼 클릭으로 사용합니다.,item_drop_ore_1,,,,NO,YES,NO,YES,NO,,Normal,EVIL_ARMOR,YES,,TX,,OPEN_TRADE_SELECT_ITEM,,YES,,,NO,,NO,No,,YES,NO,Consume_Cube,,,,,
11030003,1,4,0,1,0,0,100,0,100,32767,0.1,0,0,1,0,0,0,0,0,0,0,0,piece_goddess_misc01,신력의 석편(서융거스 가도),Consume,FALSE,Misc,,,,Item_Consume,Self,Item_Common,Item_Common,ETC,icon_item_Piece_Goddess_misc01,icon_item_Piece_Goddess_misc01,,마우스 오른쪽 버튼 클릭으로 사용,,각기 다른 6종류의 신력의 석편을 모아 사용하면 온전한 신력의 조각을 얻을 수 있습니다. 마우스 오른쪽 버튼 클릭으로 사용합니다.,item_drop_hp_1,,,SCR_USE_GIVE_GODDESS_MISC,NO,YES,NO,YES,NO,,Normal,goddess_misc/1,YES,SCR_PRECHECK_CONSUME,NO,,BEFORE_APPLIED_YESSCP_OPEN_BASIC_MSG,,YES,,,YES,NO,NO,No,,YES,NO,Misc_Special,,,,,
11030004,1,4,0,1,0,0,100,0,100,32767,0.1,0,0,1,0,0,0,0,0,0,0,0,piece_goddess_misc02,신력의 석편(비에니베 쉼터),Consume,FALSE,Misc,,,,Item_Consume,Self,Item_Common,Item_Common,ETC,icon_item_Piece_Goddess_misc02,icon_item_Piece_Goddess_misc02,,마우스 오른쪽 버튼 클릭으로 사용,,각기 다른 6종류의 신력의 석편을 모아 사용하면 온전한 신력의 조각을 얻을 수 있습니다. 마우스 오른쪽 버튼 클릭으로 사용합니다.,item_drop_hp_1,,,SCR_USE_GIVE_GODDESS_MISC,NO,YES,NO,YES,NO,,Normal,goddess_misc/1,YES,SCR_PRECHECK_CONSUME,NO,,BEFORE_APPLIED_YESSCP_OPEN_BASIC_MSG,,YES,,,YES,NO,NO,No,,YES,NO,Misc_Special,,,,,
11030005,1,4,0,1,0,0,100,0,100,32767,0.1,0,0,1,0,0,0,0,0,0,0,0,piece_goddess_misc03,신력의 석편(트비르투마스 요새),Consume,FALSE,Misc,,,,Item_Consume,Self,Item_Common,Item_Common,ETC,icon_item_Piece_Goddess_misc03,icon_item_Piece_Goddess_misc03,,마우스 오른쪽 버튼 클릭으로 사용,,각기 다른 6종류의 신력의 석편을 모아 사용하면 온전한 신력의 조각을 얻을 수 있습니다. 마우스 오른쪽 버튼 클릭으로 사용합니다.,item_drop_hp_1,,,SCR_USE_GIVE_GODDESS_MISC,NO,YES,NO,YES,NO,,Normal,goddess_misc/1,YES,SCR_PRECHECK_CONSUME,NO,,BEFORE_APPLIED_YESSCP_OPEN_BASIC_MSG,,YES,,,YES,NO,NO,No,,YES,NO,Misc_Special,,,,,
11030006,1,4,0,1,0,0,100,0,100,32767,0.1,0,0,1,0,0,0,0,0,0,0,0,piece_goddess_misc04,신력의 석편(링크스마스 폐허),Consume,FALSE,Misc,,,,Item_Consume,Self,Item_Common,Item_Common,ETC,icon_item_Piece_Goddess_misc04,icon_item_Piece_Goddess_misc04,,마우스 오른쪽 버튼 클릭으로 사용,,각기 다른 6종류의 신력의 석편을 모아 사용하면 온전한 신력의 조각을 얻을 수 있습니다. 마우스 오른쪽 버튼 클릭으로 사용합니다.,item_drop_hp_1,,,SCR_USE_GIVE_GODDESS_MISC,NO,YES,NO,YES,NO,,Normal,goddess_misc/1,YES,SCR_PRECHECK_CONSUME,NO,,BEFORE_APPLIED_YESSCP_OPEN_BASIC_MSG,,YES,,,YES,NO,NO,No,,YES,NO,Misc_Special,,,,,
11030007,1,4,0,1,0,0,100,0,100,32767,0.1,0,0,1,0,0,0,0,0,0,0,0,piece_goddess_misc05,신력의 석편(스칼다 외곽),Consume,FALSE,Misc,,,,Item_Consume,Self,Item_Common,Item_Common,ETC,icon_item_Piece_Goddess_misc05,icon_item_Piece_Goddess_misc05,,마우스 오른쪽 버튼 클릭으로 사용,,각기 다른 6종류의 신력의 석편을 모아 사용하면 온전한 신력의 조각을 얻을 수 있습니다. 마우스 오른쪽 버튼 클릭으로 사용합니다.,item_drop_hp_1,,,SCR_USE_GIVE_GODDESS_MISC,NO,YES,NO,YES,NO,,Normal,goddess_misc/1,YES,SCR_PRECHECK_CONSUME,NO,,BEFORE_APPLIED_YESSCP_OPEN_BASIC_MSG,,YES,,,YES,NO,NO,No,,YES,NO,Misc_Special,,,,,
11030008,1,4,0,1,0,0,100,0,100,32767,0.1,0,0,1,0,0,0,0,0,0,0,0,piece_goddess_misc06,신력의 석편(종언의 길),Consume,FALSE,Misc,,,,Item_Consume,Self,Item_Common,Item_Common,ETC,icon_item_Piece_Goddess_misc06,icon_item_Piece_Goddess_misc06,,마우스 오른쪽 버튼 클릭으로 사용,,각기 다른 6종류의 신력의 석편을 모아 사용하면 온전한 신력의 조각을 얻을 수 있습니다. 마우스 오른쪽 버튼 클릭으로 사용합니다.,item_drop_hp_1,,,SCR_USE_GIVE_GODDESS_MISC,NO,YES,NO,YES,NO,,Normal,goddess_misc/1,YES,SCR_PRECHECK_CONSUME,NO,,BEFORE_APPLIED_YESSCP_OPEN_BASIC_MSG,,YES,,,YES,NO,NO,No,,YES,NO,Misc_Special,,,,,
11030009,1,4,0,1,0,10,100,10,100,32767,0.1,0,0,2,0,0,0,0,0,0,0,0,goddess_misc,온전한 신력의 조각,Consume,FALSE,Cube,,,,Item_Consume,Self,Item_Common,Item_Common,ETC,icon_item_Goddess_misc,icon_item_Goddess_misc,,마우스 오른쪽 버튼 클릭으로 사용,,2개를 모아서 사용하면 여신의 방어구 제작서를 선택할 수 있습니다. 마우스 오른쪽 버튼 클릭으로 사용합니다.,item_drop_ore_1,,,,NO,YES,NO,YES,NO,,Normal,GODDESS_ARMOR,YES,,TX,,OPEN_TRADE_SELECT_ITEM,,YES,,,NO,,NO,No,,YES,NO,Misc_Special,,,,,
11030010,1,4,0,1,0,0,100,0,100,99999,0.1,0,0,0,0,0,0,0,0,0,0,0,misc_archenium,아케늄,Etc,TRUE,SpecialMaterial,Misc,,,,,Item_Common,Item_Common,ETC,icon_item_Rune_etc_2,icon_item_Rune_etc_2,,재료,,복잡한 연금술 공정을 거쳐 낮은 수율로 만들어진다고 합니다.{nl} {nl}사용처: 마신의 방어구 제작{nl}사용처: 여신의 방어구 제작,item_drop_stone_1,,,,YES,YES,YES,YES,NO,,Normal,,NO,,NO,,,,NO,,,YES,,NO,No,,,,Misc_Mineral,,,,,
11030011,1,5,0,1,0,300,100,5,100,32767,0.1,0,0,0,0,0,0,0,0,0,0,0,misc_Brikynite,브리키나이트,Etc,TRUE,LegendMaterial,,,,,,Item_Common,Item_Common,ETC,icon_item_legend_misc02,icon_item_legend_misc02,,,,브리키나이트 파편을 모아 만들 수 있습니다. 페디미안의 테리아베리스가 장비로 만들 수 있습니다.,item_drop_stone_1,,,,YES,YES,YES,YES,NO,,Normal,,NO,,NO,,,,NO,,,YES,,NO,No,,,,Misc_Special,,,,,
11030012,1,5,0,1,0,0,100,0,100,32767,0.1,0,0,20,0,0,0,0,0,0,0,0,piece_misc_Brikynite,브리키나이트 파편,Consume,FALSE,Cube,,,,Item_Consume,Self,Item_Common,Item_Common,ETC,icon_item_Piece_legend_misc02,icon_item_Piece_legend_misc02,,마우스 오른쪽 버튼 클릭으로 사용,,20개를 모아서 사용하면 브리키나이트를 획득할 수 있습니다. 마우스 오른쪽 버튼 클릭으로 사용합니다.,item_drop_stone_1,,,SCR_USE_GIVE_BRIKYNITE_MISC,YES,YES,YES,YES,NO,,Normal,misc_Brikynite/1,YES,SCR_PRECHECK_CONSUME,NO,,BEFORE_APPLIED_YESSCP_OPEN_BASIC_MSG,,YES,,,YES,,NO,No,,YES,NO,Consume_Cube,,,,,
11030013,1,5,0,1,0,0,100,0,100,99999,0.1,0,0,0,0,0,0,0,0,0,0,0,misc_glacier,글레이시어 심장,Etc,TRUE,Misc,Misc,,,,,Item_Common,Item_Common,ETC,icon_item_glacier_misc,icon_item_glacier_misc,,재료,,누군가의 기억만큼이나 차갑고 시린 에너지 결정체입니다. 페디미안의 테리아베리스가 장비로 만들 수 있습니다.,item_drop_stone_1,,,,YES,YES,NO,YES,NO,,Normal,,NO,,NO,,,,NO,,,YES,,NO,No,,,,Misc_Mineral,,,,,
11030014,1,5,0,1,0,0,100,0,100,99999,0.1,0,0,0,0,0,0,0,0,0,0,0,misc_Brikynite_box,여신의 가호 브리키나이트 상자,Consume,FALSE,Cube,,,,Item_Consume,,Item_Common,Item_Common,ETC,Icon_Item_Legend_misc02_Box,Icon_Item_Legend_misc02_Box,,재료,,사용 시 다음 아이템을 획득할 수 있습니다.{nl} - 브리키나이트 32개,item_drop_stone_1,,,SCR_USE_STRING_GIVE_ITEM_NUMBER_SPLIT,YES,YES,NO,NO,NO,,Normal,misc_Brikynite/32;,YES,SCR_PRECHECK_CONSUME,TX,,BEFORE_APPLIED_YESSCP_OPEN_BASIC_MSG,,YES,,,YES,,NO,No,,,,Consume_Cube,,,,,
11030015,1,4,0,1,0,10,100,10,100,32767,0.1,0,0,450,0,0,0,0,0,0,0,0,Unique_Enchant_Jewel_450,[LV. 450] 유니크 인챈트 쥬얼,Consume,TRUE,Drug,,Item_Opt,Item_Opt,,,Item_Common,Item_Common,ENCHANT_JEWELL,item_icon_armor_linksoul1,item_icon_armor_linksoul1,,[인챈트 쥬얼],,유니크 등급 인챈트 쥬얼입니다. 무기 / 방어구에 [인챈트 옵션]을 부여 할 수 있습니다.,item_drop_ore_1,,,,YES,YES,YES,YES,NO,,Normal,EnchantJewell,NO,,NO,,OPEN_RARE_OPTION,,NO,,,YES,,NO,No,,,,OPTMisc_Jewel,,,,,
11030016,1,5,0,1,0,10,100,10,100,32767,0.1,0,0,500,0,0,0,0,0,0,0,0,Legend_Enchant_Jewel_500,[LV. 500] 레전드 인챈트 쥬얼,Consume,TRUE,Drug,,Item_Opt,Item_Opt,,,Item_Common,Item_Common,ENCHANT_JEWELL,item_icon_armor_linksoul_3,item_icon_armor_linksoul_3,,[인챈트 쥬얼],,레전드 등급 인챈트 쥬얼입니다. 무기 / 방어구에 [인챈트 옵션]을 부여 할 수 있습니다.,item_drop_ore_1,,,,YES,YES,YES,YES,NO,,Normal,EnchantJewell,NO,,NO,,OPEN_RARE_OPTION,,NO,,,YES,,NO,No,,,,OPTMisc_Jewel,,,,,
11030017,1,0,0,1,0,0,100,0,100,32767,0.1,0,0,0,0,5000,0,0,0,0,0,0,ChallengeExpertModeCountUp,챌린지 모드 : 분열 특이점 1회 입장권,Consume,FALSE,Premium,,,,Item_Consume,Self,Item_Common,Item_Common,ETC,icon_item_expertmode_enter,icon_item_expertmode_enter,,마우스 오른쪽 버튼 클릭으로 사용,CoolDown,챌린지 모드 : 분열 특이점 입장 가능 횟수를 1회 증가시킵니다.,item_drop_hp_1,,,SCR_USE_ChallengeExpertModeCountUp,NO,YES,NO,YES,NO,,Normal,,YES,SCR_PRE_ChallengeExpertModeCountUp,YES,,,,YES,SCR_GET_ITEM_COOLDOWN,QuestItem1,YES,,NO,No,,,NO,Premium_Consume,,,,,
11030018,1,4,0,1,0,0,100,0,100,99999,0.1,0,0,2,0,0,0,0,0,0,0,0,Vibora_misc_Lv2,[Lv2] 바이보라 연성제,Etc,FALSE,SpecialMaterial,Misc,,,,,Item_Common,Item_Common,ETC,icon_item_vibora_polishing_stone,icon_item_vibora_polishing_stone,,재료,,바이보라 연성을 위한 필수 재료입니다.{nl} {nl}사용처: Lv2 바이보라 제작,item_drop_stone_1,,,,NO,YES,NO,YES,NO,,Normal,UpgadeVibora,NO,,NO,,,,NO,,,YES,,NO,No,,,,Misc_Special,,,,,
11030019,1,0,0,1,0,0,100,0,100,99999,0.1,0,0,2,0,0,0,0,0,0,0,0,EP12_EXPERT_MODE_MULTIPLE,챌린지 모드 : 분열 특이점 배수권,Etc,FALSE,Premium,,,,,,Item_Common,Item_Common,ETC,icon_item_MultipleToken_expertmode,icon_item_MultipleToken_expertmode,,재료,,챌린지 모드 : 분열 특이점 보상을 1회 더 획득할 수 있습니다.,item_drop_stone_1,,,,NO,YES,NO,YES,NO,,Normal,CHALLENGE_HARDMODE_MULTIPLE,NO,,NO,,,,NO,,,YES,,NO,No,,,,Premium_Consume,,,,,
11030020,1,0,0,1,0,1000,100,0,100,32767,0.1,0,0,3,0,0,0,0,0,0,0,0,EP12_EXPERT_MODE_MULTIPLE_RECIPE,챌린지 모드 : 분열 특이점 배수권 제작서,Consume,FALSE,Misc,,,,Item_Consume,Self,Item_Common,Item_Common,ETC,icon_item_MultipleToken_expertmode_recipe,icon_item_MultipleToken_expertmode_recipe,,마우스 오른쪽 버튼 클릭으로 사용,,기간제가 아닌 챌린지 모드 1회 입장권 3장으로 {#FF0000}챌린지 모드 : 분열 특이점 배수권{/} 1장을 얻을 수 있습니다. 마우스 오른쪽 버튼 클릭으로 사용 가능합니다.,item_drop_hp_1,,,SCR_USE_GIVE_EXPERT_MODE_MULTIPLE,NO,YES,NO,NO,NO,,Normal,EP12_EXPERT_MODE_MULTIPLE_NoTrade/1,YES,SCR_PRECHECK_CONSUME,NO,,BEFORE_APPLIED_YESSCP_OPEN_BASIC_MSG,,YES,,,YES,NO,NO,No,,YES,NO,Misc_Special,,,,,
11030021,1,0,0,1,0,0,100,0,100,32767,0.1,0,0,0,0,5000,0,0,0,0,0,0,ChallengeExpertModeCountUp_NoTrade,챌린지 모드 : 분열 특이점 1회 입장권,Consume,FALSE,Premium,,,,Item_Consume,Self,Item_Common,Item_Common,ETC,icon_item_expertmode_enter,icon_item_expertmode_enter,,마우스 오른쪽 버튼 클릭으로 사용,CoolDown,챌린지 모드 : 분열 특이점 입장 가능 횟수를 1회 증가시킵니다.,item_drop_hp_1,,,SCR_USE_ChallengeExpertModeCountUp,NO,YES,NO,NO,NO,,Normal,,YES,SCR_PRE_ChallengeExpertModeCountUp,YES,,,,YES,SCR_GET_ITEM_COOLDOWN,QuestItem1,YES,,NO,No,,,NO,Premium_Consume,,,,,
11030022,1,0,0,1,0,0,100,0,100,99999,0.1,0,0,0,0,0,0,0,0,0,0,0,Galimybe_box,케도란 상단 갈리미베 방어구 상자,Consume,FALSE,Cube,,,,Item_Consume,,Item_Common,Item_Common,ETC,icon_item_event_armorbox2,icon_item_event_armorbox2,,마우스 오른쪽 버튼 클릭으로 사용,,사용 시 다음 아이템을 획득할 수 있습니다.{nl} - 갈리미베 디스나이 아머{nl} - 갈리미베 디스나이 팬츠{nl} - 갈리미베 디스나이 부츠{nl} - 갈리미베 디스나이 글로브,item_drop_stone_1,,,SCR_USE_STRING_GIVE_ITEM_NUMBER_SPLIT,YES,YES,NO,NO,NO,,Normal,EP12_Galimybe_TOP/1;EP12_Galimybe_LEG/1;EP12_Galimybe_FOOT/1;EP12_Galimybe_HAND/1;,YES,SCR_PRECHECK_CONSUME,TX,,,,YES,,,YES,,NO,No,,,,Consume_Cube,,,,,
11030023,1,0,0,1,0,0,100,0,100,99999,0.1,0,0,2,0,0,0,0,0,0,0,0,EP12_EXPERT_MODE_MULTIPLE_NoTrade,챌린지 모드 : 분열 특이점 배수권,Etc,FALSE,Premium,,,,,,Item_Common,Item_Common,ETC,icon_item_MultipleToken_expertmode,icon_item_MultipleToken_expertmode,,재료,,챌린지 모드 : 분열 특이점 보상을 1회 더 획득할 수 있습니다.,item_drop_stone_1,,,,NO,YES,NO,NO,NO,,Normal,CHALLENGE_HARDMODE_MULTIPLE,NO,,NO,,,,NO,,,YES,,NO,No,,,,Premium_Consume,,,,,
11030024,1,0,0,1,0,1000,100,0,100,32767,0.1,0,0,3,0,0,0,0,0,0,0,0,ChallengeExpertModeCountUp_Recipe,챌린지 모드 : 분열 특이점 1회 입장권 제작서,Consume,FALSE,Misc,,,,Item_Consume,Self,Item_Common,Item_Common,ETC,icon_item_expertmode_enter_recipe,icon_item_expertmode_enter_recipe,,마우스 오른쪽 버튼 클릭으로 사용,,기간제가 아닌 챌린지 모드 1회 입장권 3장으로 {#FF0000}챌린지 모드 : 분열 특이점 1회 입장권{/} 1장을 얻을 수 있습니다. 마우스 오른쪽 버튼 클릭으로 사용 가능합니다.,item_drop_hp_1,,,SCR_USE_GIVE_EXPERT_MODE_TICKET,NO,YES,NO,NO,NO,,Normal,ChallengeExpertModeCountUp_NoTrade/1,YES,SCR_PRECHECK_CONSUME,NO,,BEFORE_APPLIED_YESSCP_OPEN_BASIC_MSG,,YES,,,YES,NO,NO,No,,YES,NO,Misc_Special,,,,,
11030026,1,5,0,1,0,0,100,0,100,99999,0.1,0,0,0,0,0,0,0,0,0,0,0,misc_Brikynite_box_64cnt,여신의 가호 브리키나이트 상자 II,Consume,FALSE,Cube,,,,Item_Consume,,Item_Common,Item_Common,ETC,Icon_Item_Legend_misc02_Box,Icon_Item_Legend_misc02_Box,,재료,,사용 시 다음 아이템을 획득할 수 있습니다.{nl} - 브리키나이트 64개,item_drop_stone_1,,,SCR_USE_STRING_GIVE_ITEM_NUMBER_SPLIT,YES,YES,NO,NO,NO,,Normal,misc_Brikynite/64;,YES,SCR_PRECHECK_CONSUME,TX,,BEFORE_APPLIED_YESSCP_OPEN_BASIC_MSG,,YES,,,YES,,NO,No,,,,Consume_Cube,,,,,
11030027,1,5,0,1,0,0,100,0,100,99999,0.1,0,0,0,0,0,0,0,0,0,0,0,misc_Brikynite_box_10cnt,여신의 가호 브리키나이트 소형 상자,Consume,FALSE,Cube,,,,Item_Consume,,Item_Common,Item_Common,ETC,Icon_Item_Legend_misc02_Box,Icon_Item_Legend_misc02_Box,,재료,,사용 시 다음 아이템을 획득할 수 있습니다.{nl} - 브리키나이트 5개,item_drop_stone_1,,,SCR_USE_STRING_GIVE_ITEM_NUMBER_SPLIT,YES,YES,NO,NO,NO,,Normal,misc_Brikynite/5;,YES,SCR_PRECHECK_CONSUME,TX,,BEFORE_APPLIED_YESSCP_OPEN_BASIC_MSG,,YES,,,YES,,NO,No,,,,Consume_Cube,,,,,
11030028,1,0,0,1,0,0,100,0,100,99999,0.1,0,0,0,0,0,0,0,0,0,0,0,misc_Telharsha_neck,그을린 텔하르샤의 의장품,Etc,TRUE,Misc,,,,,,Item_Common,Item_Common,ETC,icon_item_TelHarsha_neck,icon_item_TelHarsha_neck,,재료,,"텔하르샤가 사라진 자리에 남아있던 목걸이 입니다. 텔하르샤의 목걸이가 맞는지는 알 수 없지만, 박혀있는 보석은 매우 값진 보석으로, 신수의 날 이전 왕국 귀족의 보석으로 추정됩니다. 꺼림칙한 마족의 기운이 오랜 시간에 거쳐 보석에 응집됐습니다. {nl} {nl}사용처: 루시페리 악세서리 제작{nl}사용처: 카랄리엔 악세서리 제작{nl}사용처: 불완전한 카랄리엔 악세서리 제작",item_drop_ore_1,,,,YES,YES,NO,NO,NO,,Normal,Iredian_lv440,YES,,NO,,,,NO,,,YES,,NO,No,,,,Misc_Mineral,,,,,
11030029,1,0,0,1,0,0,100,0,100,99999,0.1,0,0,0,0,0,0,0,0,0,0,0,Goddess_miscBox,여신의 가호 광물 상자,Consume,FALSE,Cube,,,,Item_Consume,,Item_Common,Item_Common,ETC,icon_item_goddess_box,icon_item_goddess_box,,재료,,사용 시 다음 아이템을 획득할 수 있습니다.{nl} - 마정석 15개{nl} - 프락토늄 5개{nl} - 여신의 축복석 5개,item_drop_stone_1,,,SCR_USE_STRING_GIVE_ITEM_NUMBER_SPLIT,YES,YES,NO,NO,NO,,Normal,misc_0530/15;misc_ore15/5;Premium_item_transcendence_Stone/5;,YES,SCR_PRECHECK_CONSUME,TX,,BEFORE_APPLIED_YESSCP_OPEN_BASIC_MSG,,YES,,,YES,,NO,No,,,,Consume_Cube,,,,,
11030030,1,5,0,1,0,0,100,0,100,99999,0.1,0,0,0,0,0,0,0,0,0,0,0,misc_luferium,루페리움,Etc,TRUE,SpecialMaterial,Misc,,,,,Item_Common,Item_Common,ETC,icon_item_misc_luferium,icon_item_misc_luferium,,재료,,매우 짙은 어둠이 느껴지는 물질로 숙련된 대장장이의 손길을 거쳐 강력한 힘의 원천으로 사용할 수 있습니다.{nl} {nl}사용처: 루시페리 악세서리 제작,item_drop_stone_1,,,,YES,YES,NO,NO,NO,,Normal,,NO,,NO,,,,NO,,,YES,,NO,No,,,,Misc_Mineral,,,,,
11030031,1,0,0,1,0,1000000,100,100000,100,99999,0.1,0,0,0,0,0,0,0,0,0,0,0,misc_darkiron,암철,Etc,TRUE,Material,Misc,,,,,Item_Common,Item_Common,ETC,icon_item_iron_misc01,icon_item_iron_misc01,,재료,,어두운 기운이 느껴지지만 정제 되지않아 함부로 사용할 수 없는 재료입니다. 조금의 복잡한 연금술 공정을 통해 새로운 재료로 만들 수 있습니다.{nl} {nl}사용처: 루시페늄 제작,item_drop_stone_1,,,,YES,YES,NO,NO,NO,,Normal,,NO,,NO,,,,NO,,,YES,,NO,No,,,,Misc_Mineral,,,,,
11030035,1,4,0,1,0,0,100,0,100,32767,0.1,0,0,10,0,0,0,0,0,0,0,0,dress_ticket_test,가비야 코스튬 획득 티켓,Consume,FALSE,SpecialMaterial,,,,Item_Consume,Self,Item_Common,Item_Common,ETC,icon_item_badschooluniform_black_m,icon_item_badschooluniform_black_m,,마우스 오른쪽 버튼 클릭으로 사용,,우클릭으로 사용하여 옷장에 [가비야 코스튬]을 생성합니다,item_drop_hp_1,,,SCR_ADD_ITEM_TO_DRESS_ROOM,NO,YES,NO,NO,NO,,Normal,dress_room_Season1_1/1,YES,SCR_PRECHECK_CONSUME,NO,,BEFORE_APPLIED_YESSCP_OPEN_BASIC_MSG,,YES,,,YES,NO,NO,No,,YES,NO,Misc_Special,,,,,
11035001,1,0,0,1,0,0,100,0,100,1,0.1,0,0,0,0,0,0,0,0,0,0,0,selectbox_ep12tactical01,TOS 특수대응단 기동타격대 코스튬 선택 상자,Consume,FALSE,Premium,,,,Item_Consume,Self,Item_Common,Item_Common,ETC,icon_item_selectbox_ep12tactical01,icon_item_selectbox_ep12tactical01,,마우스 오른쪽 버튼 클릭으로 사용,CoolDown,사용 시 아래의 구성물 중 하나를 선택해 획득할 수 있습니다.{nl} - TOS 특수대응단 기동타격대 코스튬 (남) 1개{nl} - TOS 특수대응단 기동타격대 코스튬 (여) 1개,item_drop_hp_1,,,,NO,YES,NO,NO,NO,,Normal,,YES,SCR_PRECHECK_CONSUME,TX,,OPEN_TRADE_SELECT_ITEM,,YES,,,YES,,NO,No,,,NO,Premium_Consume,,,NO,NO,
11035002,1,0,0,1,0,0,100,0,100,1,0.1,0,0,0,0,0,0,0,0,0,0,0,selectbox_ep12tactical02,TOS 특수대응단 소방관 코스튬 선택 상자,Consume,FALSE,Premium,,,,Item_Consume,Self,Item_Common,Item_Common,ETC,icon_item_selectbox_ep12tactical02,icon_item_selectbox_ep12tactical02,,마우스 오른쪽 버튼 클릭으로 사용,CoolDown,사용 시 아래의 구성물 중 하나를 선택해 획득할 수 있습니다.{nl} - TOS 특수대응단 소방관 코스튬 (남) 1개{nl} - TOS 특수대응단 소방관 코스튬 (여) 1개,item_drop_hp_1,,,,NO,YES,NO,NO,NO,,Normal,,YES,SCR_PRECHECK_CONSUME,TX,,OPEN_TRADE_SELECT_ITEM,,YES,,,YES,,NO,No,,,NO,Premium_Consume,,,NO,NO,
11035003,1,0,0,1,0,0,100,0,100,1,0.1,0,0,0,0,0,0,0,0,0,0,0,selectbox_ep12tactical03,TOS 특수대응단 경찰관 코스튬 선택 상자,Consume,FALSE,Premium,,,,Item_Consume,Self,Item_Common,Item_Common,ETC,icon_item_selectbox_ep12tactical03,icon_item_selectbox_ep12tactical03,,마우스 오른쪽 버튼 클릭으로 사용,CoolDown,사용 시 아래의 구성물 중 하나를 선택해 획득할 수 있습니다.{nl} - TOS 특수대응단 경찰관 코스튬 (남) 1개{nl} - TOS 특수대응단 경찰관 코스튬 (여) 1개,item_drop_hp_1,,,,NO,YES,NO,NO,NO,,Normal,,YES,SCR_PRECHECK_CONSUME,TX,,OPEN_TRADE_SELECT_ITEM,,YES,,,YES,,NO,No,,,NO,Premium_Consume,,,NO,NO,
11035004,1,0,0,1,0,0,100,0,100,1,0.1,0,0,0,0,0,0,0,0,0,0,0,selectbox_ep12tactical_weapon,TOS 특수대응단 무기 선택 상자,Consume,FALSE,Premium,,,,Item_Consume,Self,Item_Common,Item_Common,ETC,icon_item_selectbox_Premium_Artefact,icon_item_selectbox_Premium_Artefact,,마우스 오른쪽 버튼 클릭으로 사용,CoolDown,사용 시 아래의 구성물 중 하나를 선택해 획득할 수 있습니다.{nl} - TOS 특수대응단 소드{nl} - TOS 특수대응단 투 핸드 소드{nl} - TOS 특수대응단 스피어{nl} - TOS 특수대응단 파이크{nl} - TOS 특수대응단 메이스{nl} - TOS 특수대응단 투 핸드 메이스{nl} - TOS 특수대응단 보우{nl} - TOS 특수대응단 캐논{nl} - TOS 특수대응단 실드{nl} - TOS 특수대응단 레이피어{nl} - TOS 특수대응단 대거{nl} -TOS 특수대응단 머스킷{nl} - TOS 특수대응단 로드{nl} - TOS 특수대응단 스태프{nl} - TOS 특수대응단 피스톨{nl} - TOS 특수대응단 크로스보우,item_drop_hp_1,,,,NO,YES,NO,NO,NO,,Normal,,YES,SCR_PRECHECK_CONSUME,TX,,OPEN_TRADE_SELECT_ITEM,,YES,,,YES,,NO,No,,,NO,Premium_Consume,,,NO,NO,
11035005,1,0,0,1,0,0,100,0,100,1,0.1,0,0,0,0,0,0,0,0,0,0,0,Allbox_ep12tactical,TOS 특수대응단 퍼펙트 키트,Consume,FALSE,Premium,,,,Item_Consume,Self,Item_Common,Item_Common,ETC,icon_item_allbox_ep12tactical,icon_item_allbox_ep12tactical,,마우스 오른쪽 버튼 클릭으로 사용,CoolDown,사용 시 아래의 구성물을 모두 획득할 수 있습니다.{nl} - TOS 특수대응단 기동타격대 코스튬 선택 상자 1개{nl} - TOS 특수대응단 소방관 코스튬 선택 상자 1개{nl} - TOS 특수대응단 경찰관 코스튬 선택 상자 1개{nl} - TOS 특수대응단 무기 선택 상자 1개,item_drop_hp_1,,,SCR_USE_STRING_GIVE_ITEM_NUMBER_SPLIT,NO,YES,NO,NO,NO,,Normal,selectbox_ep12tactical01/1;selectbox_ep12tactical02/1;selectbox_ep12tactical03/1;selectbox_ep12tactical_weapon/1;,YES,SCR_PRECHECK_CONSUME,TX,,,,YES,,,YES,,NO,No,,,NO,Premium_Consume,,,NO,NO,
11035006,1,0,0,1,0,0,100,0,100,1,0.1,0,0,0,0,0,0,0,0,0,0,0,selectbox_ep12summer01,서머 웨이브 스카이 블루 코스튬 선택 상자,Consume,FALSE,Premium,,,,Item_Consume,Self,Item_Common,Item_Common,ETC,icon_item_selectbox_ep12summer01,icon_item_selectbox_ep12summer01,,마우스 오른쪽 버튼 클릭으로 사용,CoolDown,사용 시 아래의 구성물 중 하나를 선택해 획득할 수 있습니다.{nl} - 서머 웨이브 세일러 셔츠 (남) 1개{nl} - 서머 웨이브 스카이 블루 오프숄더 비키니 (여) 1개,item_drop_hp_1,,,,NO,YES,NO,NO,NO,,Normal,,YES,SCR_PRECHECK_CONSUME,TX,,OPEN_TRADE_SELECT_ITEM,,YES,,,YES,,NO,No,,,NO,Premium_Consume,,,NO,NO,
11035007,1,0,0,1,0,0,100,0,100,1,0.1,0,0,0,0,0,0,0,0,0,0,0,selectbox_ep12summer02,서머 웨이브 블랙 코스튬 선택 상자,Consume,FALSE,Premium,,,,Item_Consume,Self,Item_Common,Item_Common,ETC,icon_item_selectbox_ep12summer02,icon_item_selectbox_ep12summer02,,마우스 오른쪽 버튼 클릭으로 사용,CoolDown,사용 시 아래의 구성물 중 하나를 선택해 획득할 수 있습니다.{nl} - 서머 웨이브 트라이앵글 스윔수트 (남) 1개{nl} - 서머 웨이브 레드 블랙 비키니 (여) 1개,item_drop_hp_1,,,,NO,YES,NO,NO,NO,,Normal,,YES,SCR_PRECHECK_CONSUME,TX,,OPEN_TRADE_SELECT_ITEM,,YES,,,YES,,NO,No,,,NO,Premium_Consume,,,NO,NO,
11035008,1,0,0,1,0,0,100,0,100,1,0.1,0,0,0,0,0,0,0,0,0,0,0,selectbox_ep12summer03,서머 웨이브 화이트 코스튬 선택 상자,Consume,FALSE,Premium,,,,Item_Consume,Self,Item_Common,Item_Common,ETC,icon_item_selectbox_ep12summer03,icon_item_selectbox_ep12summer03,,마우스 오른쪽 버튼 클릭으로 사용,CoolDown,사용 시 아래의 구성물 중 하나를 선택해 획득할 수 있습니다.{nl} - 서머 웨이브 하와이안 셔츠 (남) 1개{nl} - 서머 웨이브 화이트 프릴 비키니 (여) 1개,item_drop_hp_1,,,,NO,YES,NO,NO,NO,,Normal,,YES,SCR_PRECHECK_CONSUME,TX,,OPEN_TRADE_SELECT_ITEM,,YES,,,YES,,NO,No,,,NO,Premium_Consume,,,NO,NO,
11035009,1,0,0,1,0,0,100,0,100,1,0.1,0,0,0,0,0,0,0,0,0,0,0,selectbox_ep12summer_weapon,서머 웨이브 무기 선택 상자,Consume,FALSE,Premium,,,,Item_Consume,Self,Item_Common,Item_Common,ETC,icon_item_selectbox_Premium_Artefact,icon_item_selectbox_Premium_Artefact,,마우스 오른쪽 버튼 클릭으로 사용,CoolDown,사용 시 아래의 구성물 중 하나를 선택해 획득할 수 있습니다.{nl} - 서머 웨이브 소드{nl} - 서머 웨이브 투 핸드 소드{nl} - 서머 웨이브 스피어{nl} - 서머 웨이브 파이크{nl} - 서머 웨이브 메이스{nl} - 서머 웨이브 투 핸드 메이스{nl} - 서머 웨이브 보우{nl} - 서머 웨이브 캐논{nl} - 서머 웨이브 실드{nl} - 서머 웨이브 레이피어{nl} - 서머 웨이브 대거{nl} - 서머 웨이브 머스킷{nl} - 서머 웨이브 로드{nl} - 서머 웨이브 스태프{nl} - 서머 웨이브 피스톨{nl} - 서머 웨이브 크로스보우,item_drop_hp_1,,,,NO,YES,NO,NO,NO,,Normal,,YES,SCR_PRECHECK_CONSUME,TX,,OPEN_TRADE_SELECT_ITEM,,YES,,,YES,,NO,No,,,NO,Premium_Consume,,,NO,NO,
11035010,1,0,0,1,0,0,100,0,100,1,0.1,0,0,0,0,0,0,0,0,0,0,0,Allbox_ep12summer,서머 웨이브 ALL 패키지,Consume,FALSE,Premium,,,,Item_Consume,Self,Item_Common,Item_Common,ETC,icon_item_allbox_ep12summer,icon_item_allbox_ep12summer,,마우스 오른쪽 버튼 클릭으로 사용,CoolDown,사용 시 아래의 구성물을 모두 획득할 수 있습니다.{nl} - 서머 웨이브 화이트 코스튬 상자 1개{nl} - 서머 웨이브 블랙 코스튬 상자 1개{nl} - 서머 웨이브 스카이 블루 코스튬 선택 상자 1개{nl} - 서머 웨이브 무기 선택 상자 1개,item_drop_hp_1,,,SCR_USE_STRING_GIVE_ITEM_NUMBER_SPLIT,NO,YES,NO,NO,NO,,Normal,selectbox_ep12summer01/1;selectbox_ep12summer02/1;selectbox_ep12summer03/1;selectbox_ep12summer_weapon/1;,YES,SCR_PRECHECK_CONSUME,TX,,,,YES,,,YES,,NO,No,,,NO,Premium_Consume,,,NO,NO,
11035011,1,0,0,1,0,0,100,0,100,1,0.1,0,0,0,0,0,0,0,0,0,0,0,Special_Gift_Box_Leticia_2008,2020 레티샤의 보물 상자(8월),Consume,FALSE,Premium,,,,Item_Consume,Self,Item_Common,Item_Common,ETC,icon_item_god_box,icon_item_god_box,,마우스 오른쪽 버튼 클릭으로 사용,CoolDown,레티샤가 귀중한 물품들을 모아놓은 상자입니다. 아래의 구성물을 모두 획득할 수 있습니다.{nl} - 사관생도 아르마딜로 알 1개{nl} - 컴패니언 경험치 카드 Lv.400 3개,item_drop_hp_1,,,SCR_USE_STRING_GIVE_ITEM_NUMBER_SPLIT,NO,YES,NO,NO,NO,,Normal,egg_pet_cadet_armadillo/1;CompanionExpcard400/3;,YES,SCR_PRECHECK_CONSUME,TX,,,,YES,,,YES,,NO,No,,,NO,Premium_Consume,,,NO,NO,
11035012,1,0,0,1,0,0,100,0,100,32767,0.1,0,0,38,0,0,0,0,0,0,0,0,egg_pet_cadet_armadillo,사관생도 아르마딜로 알,Consume,TRUE,Premium,,,,Item_Consume,Self,Item_Common,Item_Common,ETC,icon_item_egg_cadet_armadillo,icon_item_egg_cadet_armadillo,,마우스 오른쪽 버튼 클릭으로 사용,,"마우스 오른쪽 클릭으로 사용가능하며, 사용시 바로 컴패니언으로 등록됩니다. {nl} 해당 컴패니언은 컴패니언 탑승 스킬이 없어도 탑승 가능합니다. {nl} 해당 컴패니언과 동행 시 루팅 찬스 증가 +777 버프를 얻습니다.",item_drop_hp_1,consume_drink,,SCR_USE_PREMIUM_EGG,NO,YES,NO,YES,YES,,Normal,pet_cadet_armadillo,YES,SCR_PRECHECK_CONSUME,TX,,TRY_CHECK_BARRACK_SLOT,,YES,SCR_GET_ITEM_COOLDOWN,CompanionEgg,YES,,NO,Yes,,,NO,Premium_Consume,,,NO,NO,
11035013,1,0,0,1,0,0,100,0,100,1,0.1,0,0,0,0,0,0,0,0,0,0,0,txbox_misc_ore27_20ea,스키아클립스 깃털 상자,Consume,FALSE,Premium,,,,Item_Consume,Self,Item_Common,Item_Common,ETC,icon_item_misc_Skiaclipse_box,icon_item_misc_Skiaclipse_box,,마우스 오른쪽 버튼 클릭으로 사용,CoolDown,사용 시 아래의 구성물을 획득할 수 있습니다.{nl} - 스키아클립스 깃털 40개,item_drop_hp_1,,,SCR_USE_STRING_GIVE_ITEM_NUMBER_SPLIT,NO,YES,NO,NO,NO,,Normal,misc_ore27/40;,YES,SCR_PRECHECK_CONSUME,TX,,,,YES,,,YES,,NO,No,,,NO,Premium_Consume,,,NO,NO,
11035014,0,0,0,1,0,0,100,0,100,32767,0.1,0,0,0,0,0,0,0,0,0,0,0,txbox_LegendCardEP11_ALL_2,여신의 가호 레전드 카드 세트 봉투 II,Consume,FALSE,Cube,,,,Item_Consume,Self,Item_Common,Item_Common,ETC,icon_item_LegendCardEnvelope,icon_item_LegendCardEnvelope,,마우스 오른쪽 버튼 클릭으로 사용,,사용 시 다음 아이템을 모두 획득합니다.{nl} - 마군주 모링포니아 카드 1개{nl} - 분노한 머즈루스 카드 1개{nl} - 해방된 스키아클립스 카드 1개{nl} - 마군주 프로스터 로드 카드 1개{nl} - 마군주 마르녹스 카드 1개{nl} - 마군주 블룻 카드 1개{nl} - 마군주 자우라 카드 1개{nl} - 마군주 누아엘레 카드 1개{nl} - 마군주 헬가 세르클 카드 1개{nl} - 마군주 렉시퍼 카드 1개,item_drop_hp_1,,,SCR_USE_STRING_GIVE_ITEM_NUMBER_SPLIT,NO,YES,NO,YES,NO,,Normal,Legendcard_skiaclips/1;Legendcard_Moringponia/1;Legendcard_Misrus/1;Legend_card_Marnoks/1;Legend_card_Blud/1;Legend_card_Zawra/1;Legend_card_Nuaele/1;Legend_card_Helgasercle/1;Legend_card_Lecifer/1;Legend_card_FrosterLord/1;,YES,SCR_PRECHECK_CONSUME,TX,,,,YES,,,YES,NO,NO,No,,YES,NO,Consume_Cube,,,,,
11035015,0,0,0,1,0,0,100,0,100,32767,0.1,0,0,0,0,0,0,0,0,0,0,0,txbox_WHAT_Package_Grow,WHAT썹 성장 패키지,Consume,FALSE,Premium,,,,Item_Consume,Self,Item_Common,Item_Common,ETC,icon_item_What_Package_Grow,icon_item_What_Package_Grow,,마우스 오른쪽 버튼 클릭으로 사용,,"마우스 우클릭 시 사용되며 구성물을 획득할 수 있습니다.{nl} - 2020 근본 네클리스 x1{nl} - 2020 근본 브레이슬릿 x2{nl} - 특성 포인트 10,000 x5{nl} - 보급용 농축 HP포션 LV15 x1000{nl} - 보급용 농축 SP포션 LV15 x1000{nl} - HP 회복 소형 엘릭서 x30{nl} - SP 회복 소형 엘릭서 x30{nl} - x4 경험의 서 x9{nl} - 축복이 깃든 씨앗 x30{nl} - 여신의 조각상 x30",item_drop_hp_1,,,SCR_USE_STRING_GIVE_ITEM_NUMBER_SPLIT,NO,YES,NO,NO,NO,,Normal,2020_ARBORDAY_NECK05/1/Transcend/10/Reinforce_2/11;2020_ARBORDAY_BRC05/2/Transcend/10/Reinforce_2/11;Ability_Point_Stone_10000/5;Event_Drug_Alche_HP15_Premium/1000;Event_Drug_Alche_SP15_Premium/1000;Drug_RedApple20/30;Drug_BlueApple20/30;Premium_boostToken02/9;Adventure_Reward_Seed/30;Adventure_Goddess_Statue/30;,YES,SCR_PRECHECK_CONSUME,TX,,,,YES,,,YES,NO,NO,No,,YES,NO,Consume_Cube,,,,,
11035016,0,0,0,1,0,0,100,0,100,32767,0.1,0,0,0,0,0,0,0,0,0,0,0,txbox_WHAT_Package_BattleA,WHAT썹 전투 준비 패키지 A,Consume,FALSE,Premium,,,,Item_Consume,Self,Item_Common,Item_Common,ETC,icon_item_Challenge_box_Package,icon_item_Challenge_box_Package,,마우스 오른쪽 버튼 클릭으로 사용,,마우스 우클릭 시 사용되며 구성물을 획득할 수 있습니다.{nl} - 인스턴스 던전 입장 횟수 초기화권 x10{nl} - 인스턴스 던전 배수 토큰 x20{nl} - 챌린지 모드 1회 입장권 x30{nl} - 챌린지 포탈 생성 스크롤 x30{nl} - 레이드 포탈 스톤 x100{nl} - x3 업힐 디펜스 배수 토큰 x3{nl} - x3 차원 붕괴 지점 배수 토큰 x3{nl} - 챌린지 모드 : 분열 특이점 1회 입장권 x 10{nl} - 챌린지 모드 : 분열 특이점 배수권 x10,item_drop_hp_1,,,SCR_USE_STRING_GIVE_ITEM_NUMBER_SPLIT,NO,YES,NO,NO,NO,,Normal,Premium_indunReset/10;Adventure_dungeoncount_01/20;ChallengeModeReset_NoTrade/30;PREMIUM_CHALLENG_PORTAL_TEAM/30;ChallengeExpertModeCountUp_NoTrade/10;EP12_EXPERT_MODE_MULTIPLE_NoTrade/10;Dungeon_Key01/100;uphill_multiple/3;rift_dungeon_multiple/3;,YES,SCR_PRECHECK_CONSUME,TX,,,,YES,,,YES,NO,NO,No,,YES,NO,Consume_Cube,,,,,
11035017,0,0,0,1,0,0,100,0,100,32767,0.1,0,0,0,0,0,0,0,0,0,0,0,txbox_WHAT_Package_BattleB,WHAT썹 전투 준비 패키지 B,Consume,FALSE,Premium,,,,Item_Consume,Self,Item_Common,Item_Common,ETC,icon_item_What_Package_B,icon_item_What_Package_B,,마우스 오른쪽 버튼 클릭으로 사용,,마우스 우클릭 시 사용되며 구성물을 획득할 수 있습니다.{nl} - 고급 황금 모루 x90{nl} - 루비 모루 x30{nl} - [LV. 460] 레전드 인챈트 쥬얼 x10{nl} - 무게 +1000 증가 포션 x10{nl} - 클래스 변경권 Lv.4 x3{nl} - 스킬 + 특성 초기화 포션 패키지 x3{nl} - 스탯 초기화 포션 x3{nl} - 아츠 초기화 포션 계열 선택 상자 x10,item_drop_hp_1,,,SCR_USE_STRING_GIVE_ITEM_NUMBER_SPLIT,NO,YES,NO,NO,NO,,Normal,Moru_Premium/90;Moru_Ruby_Charge/30;Team_Legend_Enchant_Jewel_460/10;Drug_AddMaxWeight3/10;Premium_RankReset/3;Premium_Reset_Package/3;Premium_StatReset/3;AbillityArts_Box_Total/10;,YES,SCR_PRECHECK_CONSUME,TX,,,,YES,,,YES,NO,NO,No,,YES,NO,Consume_Cube,,,,,
11035018,0,0,0,1,0,0,100,0,100,32767,0.1,0,0,0,0,0,0,0,0,0,0,0,txbox_WHAT_Package_All,WHAT썹 올인원 패키지,Consume,FALSE,Premium,,,,Item_Consume,Self,Item_Common,Item_Common,ETC,icon_item_What_Package_ALL,icon_item_What_Package_ALL,,마우스 오른쪽 버튼 클릭으로 사용,,마우스 우클릭 시 사용되며 구성물을 획득할 수 있습니다.{nl} - WHAT썹 성장 패키지 x1{nl} - WHAT썹 전투 준비 패키지 A x1{nl} - WHAT썹 전투 준비 패키지 B x1{nl} - Lv.440 다이아몬드 모루 (14일) x3,item_drop_hp_1,,,SCR_USE_STRING_GIVE_ITEM_NUMBER_SPLIT,NO,YES,NO,NO,NO,,Normal,txbox_WHAT_Package_Grow/1;txbox_WHAT_Package_BattleA/1;txbox_WHAT_Package_BattleB/1;Moru_Diamond_14d_Team_Lv430/3;,YES,SCR_PRECHECK_CONSUME,TX,,,,YES,,,YES,NO,NO,No,,YES,NO,Consume_Cube,,,,,
11035019,1,0,0,1,0,0,100,0,100,1,0.1,0,0,0,0,0,0,0,0,0,0,0,selectbox_ep12honoredrose01,아너드 로즈 블랙 로열 상자,Consume,FALSE,Premium,,,,Item_Consume,Self,Item_Common,Item_Common,ETC,icon_item_selectbox_ep12honoredrose01,icon_item_selectbox_ep12honoredrose01,,마우스 오른쪽 버튼 클릭으로 사용,CoolDown,사용 시 아래의 구성물 중 하나를 선택해 획득할 수 있습니다.{nl} - 아너드 로즈 블랙 로열 수트 (남) 1개{nl} - 아너드 로즈 블랙 로열 드레스 (여) 1개,item_drop_hp_1,,,,NO,YES,NO,NO,NO,,Normal,,YES,SCR_PRECHECK_CONSUME,TX,,OPEN_TRADE_SELECT_ITEM,,YES,,,YES,,NO,No,,,NO,Premium_Consume,,,NO,NO,
11035020,1,0,0,1,0,0,100,0,100,1,0.1,0,0,0,0,0,0,0,0,0,0,0,selectbox_ep12honoredrose02,아너드 로즈 레드 스누티 상자,Consume,FALSE,Premium,,,,Item_Consume,Self,Item_Common,Item_Common,ETC,icon_item_selectbox_ep12honoredrose02,icon_item_selectbox_ep12honoredrose02,,마우스 오른쪽 버튼 클릭으로 사용,CoolDown,사용 시 아래의 구성물 중 하나를 선택해 획득할 수 있습니다.{nl} - 아너드 로즈 레드 스누티 수트 (남) 1개{nl} - 아너드 로즈 레드 스누티 드레스 (여) 1개,item_drop_hp_1,,,,NO,YES,NO,NO,NO,,Normal,,YES,SCR_PRECHECK_CONSUME,TX,,OPEN_TRADE_SELECT_ITEM,,YES,,,YES,,NO,No,,,NO,Premium_Consume,,,NO,NO,
11035021,1,0,0,1,0,0,100,0,100,1,0.1,0,0,0,0,0,0,0,0,0,0,0,selectbox_ep12honoredrose03,아너드 로즈 핑크 수퍼브 상자,Consume,FALSE,Premium,,,,Item_Consume,Self,Item_Common,Item_Common,ETC,icon_item_selectbox_ep12honoredrose03,icon_item_selectbox_ep12honoredrose03,,마우스 오른쪽 버튼 클릭으로 사용,CoolDown,사용 시 아래의 구성물 중 하나를 선택해 획득할 수 있습니다.{nl} - 아너드 로즈 핑크 수퍼브 수트 (남) 1개{nl} - 아너드 로즈 핑크 수퍼브 드레스 (여) 1개,item_drop_hp_1,,,,NO,YES,NO,NO,NO,,Normal,,YES,SCR_PRECHECK_CONSUME,TX,,OPEN_TRADE_SELECT_ITEM,,YES,,,YES,,NO,No,,,NO,Premium_Consume,,,NO,NO,
11035022,1,0,0,1,0,0,100,0,100,1,0.1,0,0,0,0,0,0,0,0,0,0,0,selectbox_ep12honoredrose_weapon,아너드 로즈 무기 선택 상자,Consume,FALSE,Premium,,,,Item_Consume,Self,Item_Common,Item_Common,ETC,icon_item_selectbox_Premium_Artefact,icon_item_selectbox_Premium_Artefact,,마우스 오른쪽 버튼 클릭으로 사용,CoolDown,사용 시 아래의 구성물 중 하나를 선택해 획득할 수 있습니다.{nl} - 아너드 로즈 소드{nl} - 아너드 로즈 투 핸드 소드{nl} - 아너드 로즈 스피어{nl} - 아너드 로즈 파이크{nl} - 아너드 로즈 메이스{nl} - 아너드 로즈 투 핸드 메이스{nl} - 아너드 로즈 보우{nl} - 아너드 로즈 캐논{nl} - 아너드 로즈 실드{nl} - 아너드 로즈 레이피어{nl} - 아너드 로즈 대거{nl} - 아너드 로즈 머스킷{nl} - 아너드 로즈 로드{nl} - 아너드 로즈 스태프{nl} - 아너드 로즈 피스톨{nl} - 아너드 로즈 크로스보우,item_drop_hp_1,,,,NO,YES,NO,NO,NO,,Normal,,YES,SCR_PRECHECK_CONSUME,TX,,OPEN_TRADE_SELECT_ITEM,,YES,,,YES,,NO,No,,,NO,Premium_Consume,,,NO,NO,
11035023,1,0,0,1,0,0,100,0,100,1,0.1,0,0,0,0,0,0,0,0,0,0,0,Allbox_ep12honoredrose,아너드 로즈 ALL 패키지,Consume,FALSE,Premium,,,,Item_Consume,Self,Item_Common,Item_Common,ETC,icon_item_allbox_ep12honoredrose,icon_item_allbox_ep12honoredrose,,마우스 오른쪽 버튼 클릭으로 사용,CoolDown,사용 시 아래의 구성물을 모두 획득할 수 있습니다.{nl} - 아너드 로즈 블랙 로열 상자 1개{nl} - 아너드 로즈 레드 스누티 상자 1개{nl} - 아너드 로즈 핑크 수퍼브 상자 1개{nl} - 아너드 로즈 무기 선택 상자 1개,item_drop_hp_1,,,SCR_USE_STRING_GIVE_ITEM_NUMBER_SPLIT,NO,YES,NO,NO,NO,,Normal,selectbox_ep12honoredrose01/1;selectbox_ep12honoredrose02/1;selectbox_ep12honoredrose03/1;selectbox_ep12honoredrose_weapon/1;,YES,SCR_PRECHECK_CONSUME,TX,,,,YES,,,YES,,NO,No,,,NO,Premium_Consume,,,NO,NO,
11035024,1,0,0,1,0,0,100,0,100,1,0.1,0,0,0,0,0,0,0,0,0,0,0,Special_Gift_Box_Leticia_2009,2020 레티샤의 보물 상자(9월),Consume,FALSE,Premium,,,,Item_Consume,Self,Item_Common,Item_Common,ETC,icon_item_god_box,icon_item_god_box,,마우스 오른쪽 버튼 클릭으로 사용,CoolDown,레티샤가 귀중한 물품들을 모아놓은 상자입니다. 아래의 구성물을 모두 획득할 수 있습니다.{nl} - 챌린지 모드 : 분열 특이점 1회 입장권 100개{nl} - 챌린지 모드 : 분열 특이점 배수권 100개,item_drop_hp_1,,,SCR_USE_STRING_GIVE_ITEM_NUMBER_SPLIT,NO,YES,NO,NO,NO,,Normal,ChallengeExpertModeCountUp/100;EP12_EXPERT_MODE_MULTIPLE/100;,YES,SCR_PRECHECK_CONSUME,TX,,,,YES,,,YES,,NO,No,,,NO,Premium_Consume,,,NO,NO,
11035026,1,0,0,1,0,0,100,0,100,32767,0.1,0,0,0,0,0,0,0,0,0,0,0,selectbox_ep12musical01,커튼콜 미스터리 코스튬 상자,Consume,FALSE,Premium,,,,Item_Consume,Self,Item_Common,Item_Common,ETC,icon_item_selectbox_ep12honoredrose01_3,icon_item_selectbox_ep12honoredrose01_3,,마우스 오른쪽 버튼 클릭으로 사용,CoolDown,사용 시 아래의 구성물 중 하나를 선택해 획득할 수 있습니다.{nl} - 커튼콜 미스터리 닥터 코스튬 (남) 1개{nl} - 커튼콜 미스터리 위치 코스튬 (여) 1개,item_drop_hp_1,,,,NO,YES,NO,NO,NO,,Normal,,YES,SCR_PRECHECK_CONSUME,TX,,OPEN_TRADE_SELECT_ITEM,,YES,,,YES,,NO,No,,,NO,Premium_Consume,,,NO,NO,
11035027,1,0,0,1,0,0,100,0,100,32767,0.1,0,0,0,0,0,0,0,0,0,0,0,selectbox_ep12musical02,커튼콜 호러 몬스터 코스튬 상자,Consume,FALSE,Premium,,,,Item_Consume,Self,Item_Common,Item_Common,ETC,icon_item_selectbox_ep12honoredrose02_2,icon_item_selectbox_ep12honoredrose02_2,,마우스 오른쪽 버튼 클릭으로 사용,CoolDown,사용 시 아래의 구성물 중 하나를 선택해 획득할 수 있습니다.{nl} - 커튼콜 호러 프랑켄 코스튬 (남) 1개{nl} - 커튼콜 호러 고스트 코스튬 (여) 1개,item_drop_hp_1,,,,NO,YES,NO,NO,NO,,Normal,,YES,SCR_PRECHECK_CONSUME,TX,,OPEN_TRADE_SELECT_ITEM,,YES,,,YES,,NO,No,,,NO,Premium_Consume,,,NO,NO,
11035028,1,0,0,1,0,0,100,0,100,32767,0.1,0,0,0,0,0,0,0,0,0,0,0,selectbox_ep12musical01_1,커튼콜 스트레인지 코스튬 상자,Consume,FALSE,Premium,,,,Item_Consume,Self,Item_Common,Item_Common,ETC,icon_item_selectbox_ep12honoredrose01_1,icon_item_selectbox_ep12honoredrose01_1,,마우스 오른쪽 버튼 클릭으로 사용,CoolDown,"{#0000ff} - 마신의 유혹 포인트 576점으로 전환 가능합니다.{/}{nl} {nl}사용 시 아래의 구성물 중 하나를 선택해 획득할 수 있습니다.{nl}{#ff0000}주의! 획득한 구성물은 팀 창고 이동만 가능하며, 포인트로 교환할 수 없습니다.{/}{nl} - 커튼콜 스트레인지 닥터 코스튬 (남) 1개{nl} - 커튼콜 스트레인지 위치 코스튬 (여) 1개",item_drop_hp_1,,,,NO,YES,NO,YES,YES,,Normal,,YES,SCR_PRECHECK_CONSUME,TX,,OPEN_TRADE_SELECT_ITEM,,YES,,,YES,,NO,No,,,NO,Premium_Consume,,,,NO,
11035029,1,0,0,1,0,0,100,0,100,32767,0.1,0,0,0,0,0,0,0,0,0,0,0,selectbox_ep12musical01_2,커튼콜 시크릿 코스튬 상자,Consume,FALSE,Premium,,,,Item_Consume,Self,Item_Common,Item_Common,ETC,icon_item_selectbox_ep12honoredrose01_2,icon_item_selectbox_ep12honoredrose01_2,,마우스 오른쪽 버튼 클릭으로 사용,CoolDown,"{#0000ff} - 마신의 유혹 포인트 576점으로 전환 가능합니다.{/}{nl} {nl}사용 시 아래의 구성물 중 하나를 선택해 획득할 수 있습니다.{nl}{#ff0000}주의! 획득한 구성물은 팀 창고 이동만 가능하며, 포인트로 교환할 수 없습니다.{/}{nl} - 커튼콜 시크릿 닥터 코스튬 (남) 1개{nl} - 커튼콜 시크릿 위치 코스튬 (여) 1개",item_drop_hp_1,,,,NO,YES,NO,YES,YES,,Normal,,YES,SCR_PRECHECK_CONSUME,TX,,OPEN_TRADE_SELECT_ITEM,,YES,,,YES,,NO,No,,,NO,Premium_Consume,,,,NO,
11035030,1,0,0,1,0,0,100,0,100,32767,0.1,0,0,0,0,0,0,0,0,0,0,0,selectbox_ep12musical02_1,커튼콜 스푸키 몬스터 코스튬 상자,Consume,FALSE,Premium,,,,Item_Consume,Self,Item_Common,Item_Common,ETC,icon_item_selectbox_ep12honoredrose02_1,icon_item_selectbox_ep12honoredrose02_1,,마우스 오른쪽 버튼 클릭으로 사용,CoolDown,"{#0000ff} - 마신의 유혹 포인트 96점으로 전환 가능합니다.{/}{nl} {nl}사용 시 아래의 구성물 중 하나를 선택해 획득할 수 있습니다.{nl}{#ff0000}주의! 획득한 구성물은 팀 창고 이동만 가능하며, 포인트로 교환할 수 없습니다.{/}{nl} - 커튼콜 스푸키 프랑켄 코스튬 (남) 1개{nl} - 커튼콜 스푸키 고스트 코스튬 (여) 1개",item_drop_hp_1,,,,NO,YES,NO,YES,YES,,Normal,,YES,SCR_PRECHECK_CONSUME,TX,,OPEN_TRADE_SELECT_ITEM,,YES,,,YES,,NO,No,,,NO,Premium_Consume,,,,NO,
11035031,1,0,0,1,0,0,100,0,100,32767,0.1,0,0,0,0,0,0,0,0,0,0,0,selectbox_ep12musical03_1,커튼콜 리버스 코스튬 상자,Consume,FALSE,Premium,,,,Item_Consume,Self,Item_Common,Item_Common,ETC,icon_item_selectbox_ep12musical03_1,icon_item_selectbox_ep12musical03_1,,마우스 오른쪽 버튼 클릭으로 사용,CoolDown,"{#0000ff} - 마신의 유혹 포인트 96점으로 전환 가능합니다.{/}{nl} {nl}사용 시 아래의 구성물 중 하나를 선택해 획득할 수 있습니다.{nl}{#ff0000}주의! 획득한 구성물은 팀 창고 이동만 가능하며, 포인트로 교환할 수 없습니다.{/}{nl} - 커튼콜 리버스 테너 턱시도 코스튬 (남) 1개{nl} - 커튼콜 리버스 블랙 스완 코스튬 (여) 1개",item_drop_hp_1,,,,NO,YES,NO,YES,YES,,Normal,,YES,SCR_PRECHECK_CONSUME,TX,,OPEN_TRADE_SELECT_ITEM,,YES,,,YES,,NO,No,,,NO,Premium_Consume,,,,NO,
11035032,1,0,0,1,0,0,100,0,100,32767,0.1,0,0,0,0,0,0,0,0,0,0,0,box_wing_ep12musical,커튼콜 레드 데몬 윙 상자,Consume,FALSE,Premium,,,,Item_Consume,Self,Item_Common,Item_Common,ETC,icon_item_box_wing_ep12musical,icon_item_box_wing_ep12musical,,마우스 오른쪽 버튼 클릭으로 사용,CoolDown,사용 시 아래의 구성물을 획득할 수 있습니다.{nl}{#ff0000}주의! 획득한 구성물은 팀 창고 이동만 가능합니다.{/}{nl} - 커튼콜 레드 데몬 윙 1개,item_drop_hp_1,,,SCR_USE_STRING_GIVE_ITEM_NUMBER_SPLIT,NO,YES,NO,YES,YES,,Normal,wing_ep12musical/1;,YES,SCR_PRECHECK_CONSUME,TX,,,,YES,,,YES,,NO,No,,,NO,Premium_Consume,,,NO,NO,
11035033,1,0,0,1,0,0,100,0,100,32767,0.1,0,0,0,0,0,0,0,0,0,0,0,box_effect_ep12musical,가면 쓴 악령의 시선 상자,Consume,FALSE,Premium,,,,Item_Consume,Self,Item_Common,Item_Common,ETC,icon_item_box_effect_ep12musical,icon_item_box_effect_ep12musical,,마우스 오른쪽 버튼 클릭으로 사용,CoolDown,사용 시 아래의 구성물을 획득할 수 있습니다.{nl}{#ff0000}주의! 획득한 구성물은 팀 창고 이동만 가능합니다.{/}{nl} - 가면 쓴 악령의 시선 1개,item_drop_hp_1,,,SCR_USE_STRING_GIVE_ITEM_NUMBER_SPLIT,NO,YES,NO,YES,YES,,Normal,Effect_ep12musical/1;,YES,SCR_PRECHECK_CONSUME,TX,,,,YES,,,YES,,NO,No,,,NO,Premium_Consume,,,NO,NO,
11035034,1,0,0,1,0,0,100,0,100,1,0.1,0,0,0,0,0,0,0,0,0,0,0,give_ticket_ep12musical03_m,커튼콜 팬텀 오브 뮤직 코스튬 (남) 등록권,Consume,FALSE,Premium,,,,Item_Consume,Self,Item_Common,Item_Common,ETC,icon_item_m_costume_ticket,icon_item_m_costume_ticket,,마우스 오른쪽 버튼 클릭으로 사용,CoolDown,사용 시 코스튬 컬렉션에 해당 코스튬을 등록합니다.{nl} - 커튼콜 팬텀 오브 뮤직 코스튬 (남){nl} {nl}코스튬 컬렉션에서 우클릭 시 해당 코스튬 아이템을 생성합니다.,item_drop_hp_1,,,SCR_ADD_ITEM_TO_DRESS_ROOM,NO,YES,NO,NO,NO,,Normal,dress_curtain_call_1/1,YES,SCR_PRECHECK_CONSUME,NO,,BEFORE_APPLIED_YESSCP_OPEN_BASIC_MSG,,YES,,,YES,NO,NO,No,,YES,NO,Premium_Consume,,,,NO,
11035035,1,0,0,1,0,0,100,0,100,1,0.1,0,0,0,0,0,0,0,0,0,0,0,give_ticket_ep12musical03_f,커튼콜 화이트 스완 코스튬 (여) 등록권,Consume,FALSE,Premium,,,,Item_Consume,Self,Item_Common,Item_Common,ETC,icon_item_f_costume_ticket,icon_item_f_costume_ticket,,마우스 오른쪽 버튼 클릭으로 사용,CoolDown,사용 시 코스튬 컬렉션에 해당 코스튬을 등록합니다.{nl} - 커튼콜 화이트 스완 코스튬 (여){nl} {nl}코스튬 컬렉션에서 우클릭 시 해당 코스튬 아이템을 생성합니다.,item_drop_hp_1,,,SCR_ADD_ITEM_TO_DRESS_ROOM,NO,YES,NO,NO,NO,,Normal,dress_curtain_call_2/1,YES,SCR_PRECHECK_CONSUME,NO,,BEFORE_APPLIED_YESSCP_OPEN_BASIC_MSG,,YES,,,YES,NO,NO,No,,YES,NO,Premium_Consume,,,,NO,
11035036,1,0,0,1,0,0,100,0,100,1,0.1,0,0,0,0,0,0,0,0,0,0,0,give_ticket_ep12musical02_2_m,커튼콜 위핑 프랑켄 코스튬 (남) 등록권,Consume,FALSE,Premium,,,,Item_Consume,Self,Item_Common,Item_Common,ETC,icon_item_m_costume_ticket,icon_item_m_costume_ticket,,마우스 오른쪽 버튼 클릭으로 사용,CoolDown,사용 시 코스튬 컬렉션에 해당 코스튬을 등록합니다.{nl} - 커튼콜 위핑 프랑켄 코스튬 (남){nl} {nl}코스튬 컬렉션에서 우클릭 시 해당 코스튬 아이템을 생성합니다.,item_drop_hp_1,,,SCR_ADD_ITEM_TO_DRESS_ROOM,NO,YES,NO,NO,NO,,Normal,dress_curtain_call_3/1,YES,SCR_PRECHECK_CONSUME,NO,,BEFORE_APPLIED_YESSCP_OPEN_BASIC_MSG,,YES,,,YES,NO,NO,No,,YES,NO,Premium_Consume,,,,NO,
11035037,1,0,0,1,0,0,100,0,100,1,0.1,0,0,0,0,0,0,0,0,0,0,0,give_ticket_ep12musical02_2_f,커튼콜 위핑 고스트 코스튬 (여) 등록권,Consume,FALSE,Premium,,,,Item_Consume,Self,Item_Common,Item_Common,ETC,icon_item_f_costume_ticket,icon_item_f_costume_ticket,,마우스 오른쪽 버튼 클릭으로 사용,CoolDown,사용 시 코스튬 컬렉션에 해당 코스튬을 등록합니다.{nl} - 커튼콜 위핑 고스트 코스튬 (여){nl} {nl}코스튬 컬렉션에서 우클릭 시 해당 코스튬 아이템을 생성합니다.,item_drop_hp_1,,,SCR_ADD_ITEM_TO_DRESS_ROOM,NO,YES,NO,NO,NO,,Normal,dress_curtain_call_4/1,YES,SCR_PRECHECK_CONSUME,NO,,BEFORE_APPLIED_YESSCP_OPEN_BASIC_MSG,,YES,,,YES,NO,NO,No,,YES,NO,Premium_Consume,,,,NO,
11035038,1,0,0,1,0,0,100,0,100,1,0.1,0,0,0,0,0,0,0,0,0,0,0,give_ticket_ep12musical03_2_m,커튼콜 심플 턱시도 코스튬 (남) 등록권,Consume,FALSE,Premium,,,,Item_Consume,Self,Item_Common,Item_Common,ETC,icon_item_m_costume_ticket,icon_item_m_costume_ticket,,마우스 오른쪽 버튼 클릭으로 사용,CoolDown,사용 시 코스튬 컬렉션에 해당 코스튬을 등록합니다.{nl} - 커튼콜 심플 턱시도 코스튬 (남){nl} {nl}코스튬 컬렉션에서 우클릭 시 해당 코스튬 아이템을 생성합니다.,item_drop_hp_1,,,SCR_ADD_ITEM_TO_DRESS_ROOM,NO,YES,NO,NO,NO,,Normal,dress_curtain_call_5/1,YES,SCR_PRECHECK_CONSUME,NO,,BEFORE_APPLIED_YESSCP_OPEN_BASIC_MSG,,YES,,,YES,NO,NO,No,,YES,NO,Premium_Consume,,,,NO,
11035039,1,0,0,1,0,0,100,0,100,1,0.1,0,0,0,0,0,0,0,0,0,0,0,give_ticket_ep12musical03_2_f,커튼콜 심플 튜튜 코스튬 (여) 등록권,Consume,FALSE,Premium,,,,Item_Consume,Self,Item_Common,Item_Common,ETC,icon_item_f_costume_ticket,icon_item_f_costume_ticket,,마우스 오른쪽 버튼 클릭으로 사용,CoolDown,사용 시 코스튬 컬렉션에 해당 코스튬을 등록합니다.{nl} - 커튼콜 심플 튜튜 코스튬 (여){nl} {nl}코스튬 컬렉션에서 우클릭 시 해당 코스튬 아이템을 생성합니다.,item_drop_hp_1,,,SCR_ADD_ITEM_TO_DRESS_ROOM,NO,YES,NO,NO,NO,,Normal,dress_curtain_call_6/1,YES,SCR_PRECHECK_CONSUME,NO,,BEFORE_APPLIED_YESSCP_OPEN_BASIC_MSG,,YES,,,YES,NO,NO,No,,YES,NO,Premium_Consume,,,,NO,
11035040,1,0,0,1,0,0,100,0,100,1,0.1,0,0,0,0,0,0,0,0,0,0,0,give_ticket_ep12honoredrose01_1_m,아너드 로즈 크림슨 수트 코스튬 (남) 등록권,Consume,FALSE,Premium,,,,Item_Consume,Self,Item_Common,Item_Common,ETC,icon_item_m_costume_ticket,icon_item_m_costume_ticket,,마우스 오른쪽 버튼 클릭으로 사용,CoolDown,사용 시 코스튬 컬렉션에 해당 코스튬을 등록합니다.{nl} - 아너드 로즈 크림슨 수트 코스튬 (남){nl} {nl}코스튬 컬렉션에서 우클릭 시 해당 코스튬 아이템을 생성합니다.,item_drop_hp_1,,,SCR_ADD_ITEM_TO_DRESS_ROOM,NO,YES,NO,NO,NO,,Normal,dress_honored_rose_1/1,YES,SCR_PRECHECK_CONSUME,NO,,BEFORE_APPLIED_YESSCP_OPEN_BASIC_MSG,,YES,,,YES,NO,NO,No,,YES,NO,Premium_Consume,,,,NO,
11035041,1,0,0,1,0,0,100,0,100,1,0.1,0,0,0,0,0,0,0,0,0,0,0,give_ticket_ep12honoredrose01_1_f,아너드 로즈 크림슨 드레스 코스튬 (여) 등록권,Consume,FALSE,Premium,,,,Item_Consume,Self,Item_Common,Item_Common,ETC,icon_item_f_costume_ticket,icon_item_f_costume_ticket,,마우스 오른쪽 버튼 클릭으로 사용,CoolDown,사용 시 코스튬 컬렉션에 해당 코스튬을 등록합니다.{nl} - 아너드 로즈 크림슨 드레스 코스튬 (여){nl} {nl}코스튬 컬렉션에서 우클릭 시 해당 코스튬 아이템을 생성합니다.,item_drop_hp_1,,,SCR_ADD_ITEM_TO_DRESS_ROOM,NO,YES,NO,NO,NO,,Normal,dress_honored_rose_2/1,YES,SCR_PRECHECK_CONSUME,NO,,BEFORE_APPLIED_YESSCP_OPEN_BASIC_MSG,,YES,,,YES,NO,NO,No,,YES,NO,Premium_Consume,,,,NO,
11035042,1,0,0,1,0,0,100,0,100,1,0.1,0,0,0,0,0,0,0,0,0,0,0,give_ticket_ep12honoredrose02_1_m,아너드 로즈 퍼플 수트 코스튬 (남) 등록권,Consume,FALSE,Premium,,,,Item_Consume,Self,Item_Common,Item_Common,ETC,icon_item_m_costume_ticket,icon_item_m_costume_ticket,,마우스 오른쪽 버튼 클릭으로 사용,CoolDown,사용 시 코스튬 컬렉션에 해당 코스튬을 등록합니다.{nl} - 아너드 로즈 퍼플 수트 코스튬 (남){nl} {nl}코스튬 컬렉션에서 우클릭 시 해당 코스튬 아이템을 생성합니다.,item_drop_hp_1,,,SCR_ADD_ITEM_TO_DRESS_ROOM,NO,YES,NO,NO,NO,,Normal,dress_honored_rose_3/1,YES,SCR_PRECHECK_CONSUME,NO,,BEFORE_APPLIED_YESSCP_OPEN_BASIC_MSG,,YES,,,YES,NO,NO,No,,YES,NO,Premium_Consume,,,,NO,
11035043,1,0,0,1,0,0,100,0,100,1,0.1,0,0,0,0,0,0,0,0,0,0,0,give_ticket_ep12honoredrose02_1_f,아너드 로즈 퍼플 드레스 코스튬 (여) 등록권,Consume,FALSE,Premium,,,,Item_Consume,Self,Item_Common,Item_Common,ETC,icon_item_f_costume_ticket,icon_item_f_costume_ticket,,마우스 오른쪽 버튼 클릭으로 사용,CoolDown,사용 시 코스튬 컬렉션에 해당 코스튬을 등록합니다.{nl} - 아너드 로즈 퍼플 드레스 코스튬 (여){nl} {nl}코스튬 컬렉션에서 우클릭 시 해당 코스튬 아이템을 생성합니다.,item_drop_hp_1,,,SCR_ADD_ITEM_TO_DRESS_ROOM,NO,YES,NO,NO,NO,,Normal,dress_honored_rose_4/1,YES,SCR_PRECHECK_CONSUME,NO,,BEFORE_APPLIED_YESSCP_OPEN_BASIC_MSG,,YES,,,YES,NO,NO,No,,YES,NO,Premium_Consume,,,,NO,
11035044,1,0,0,1,0,0,100,0,100,1,0.1,0,0,0,0,0,0,0,0,0,0,0,give_ticket_ep12honoredrose03_1_m,아너드 로즈 블루 수트 코스튬 (남) 등록권,Consume,FALSE,Premium,,,,Item_Consume,Self,Item_Common,Item_Common,ETC,icon_item_m_costume_ticket,icon_item_m_costume_ticket,,마우스 오른쪽 버튼 클릭으로 사용,CoolDown,사용 시 코스튬 컬렉션에 해당 코스튬을 등록합니다.{nl} - 아너드 로즈 블루 수트 코스튬 (남){nl} {nl}코스튬 컬렉션에서 우클릭 시 해당 코스튬 아이템을 생성합니다.,item_drop_hp_1,,,SCR_ADD_ITEM_TO_DRESS_ROOM,NO,YES,NO,NO,NO,,Normal,dress_honored_rose_5/1,YES,SCR_PRECHECK_CONSUME,NO,,BEFORE_APPLIED_YESSCP_OPEN_BASIC_MSG,,YES,,,YES,NO,NO,No,,YES,NO,Premium_Consume,,,,NO,
11035045,1,0,0,1,0,0,100,0,100,1,0.1,0,0,0,0,0,0,0,0,0,0,0,give_ticket_ep12honoredrose03_1_f,아너드 로즈 블루 드레스 코스튬 (여) 등록권,Consume,FALSE,Premium,,,,Item_Consume,Self,Item_Common,Item_Common,ETC,icon_item_f_costume_ticket,icon_item_f_costume_ticket,,마우스 오른쪽 버튼 클릭으로 사용,,사용 시 코스튬 컬렉션에 해당 코스튬을 등록합니다.{nl} - 아너드 로즈 블루 드레스 코스튬 (여){nl} {nl}코스튬 컬렉션에서 우클릭 시 해당 코스튬 아이템을 생성합니다.,item_drop_hp_1,,,SCR_ADD_ITEM_TO_DRESS_ROOM,NO,YES,NO,NO,NO,,Normal,dress_honored_rose_6/1,YES,SCR_PRECHECK_CONSUME,NO,,BEFORE_APPLIED_YESSCP_OPEN_BASIC_MSG,,YES,,,YES,NO,NO,No,,YES,NO,Premium_Consume,,,,NO,
11035046,1,0,0,1,0,0,100,0,100,32767,0.1,0,0,0,0,0,0,0,0,0,0,0,not_trade_selectbox_ep12musical01_1,커튼콜 스트레인지 코스튬 상자 (거래 불가),Consume,FALSE,Premium,,,,Item_Consume,Self,Item_Common,Item_Common,ETC,icon_item_selectbox_ep12honoredrose01_1,icon_item_selectbox_ep12honoredrose01_1,,마우스 오른쪽 버튼 클릭으로 사용,CoolDown,"사용 시 아래의 구성물 중 하나를 선택해 획득할 수 있습니다.{nl}{#ff0000}주의! 획득한 구성물은 팀 창고 이동만 가능하며, 포인트로 교환할 수 없습니다.{/}{nl} - 커튼콜 스트레인지 닥터 코스튬 (남) 1개{nl} - 커튼콜 스트레인지 위치 코스튬 (여) 1개",item_drop_hp_1,,,,NO,YES,NO,NO,NO,,Normal,,YES,SCR_PRECHECK_CONSUME,TX,,OPEN_TRADE_SELECT_ITEM,,YES,,,YES,,NO,No,,,NO,Premium_Consume,,,,NO,
11035047,1,0,0,1,0,0,100,0,100,32767,0.1,0,0,0,0,0,0,0,0,0,0,0,not_trade_selectbox_ep12musical01_2,커튼콜 시크릿 코스튬 상자 (거래 불가),Consume,FALSE,Premium,,,,Item_Consume,Self,Item_Common,Item_Common,ETC,icon_item_selectbox_ep12honoredrose01_2,icon_item_selectbox_ep12honoredrose01_2,,마우스 오른쪽 버튼 클릭으로 사용,CoolDown,"사용 시 아래의 구성물 중 하나를 선택해 획득할 수 있습니다.{nl}{#ff0000}주의! 획득한 구성물은 팀 창고 이동만 가능하며, 포인트로 교환할 수 없습니다.{/}{nl} - 커튼콜 시크릿 닥터 코스튬 (남) 1개{nl} - 커튼콜 시크릿 위치 코스튬 (여) 1개",item_drop_hp_1,,,,NO,YES,NO,NO,NO,,Normal,,YES,SCR_PRECHECK_CONSUME,TX,,OPEN_TRADE_SELECT_ITEM,,YES,,,YES,,NO,No,,,NO,Premium_Consume,,,,NO,
11035048,1,0,0,1,0,0,100,0,100,32767,0.1,0,0,0,0,0,0,0,0,0,0,0,not_trade_selectbox_ep12musical02_1,커튼콜 스푸키 몬스터 코스튬 상자 (거래 불가),Consume,FALSE,Premium,,,,Item_Consume,Self,Item_Common,Item_Common,ETC,icon_item_selectbox_ep12honoredrose02_1,icon_item_selectbox_ep12honoredrose02_1,,마우스 오른쪽 버튼 클릭으로 사용,CoolDown,"사용 시 아래의 구성물 중 하나를 선택해 획득할 수 있습니다.{nl}{#ff0000}주의! 획득한 구성물은 팀 창고 이동만 가능하며, 포인트로 교환할 수 없습니다.{/}{nl} - 커튼콜 스푸키 프랑켄 코스튬 (남) 1개{nl} - 커튼콜 스푸키 고스트 코스튬 (여) 1개",item_drop_hp_1,,,,NO,YES,NO,NO,NO,,Normal,,YES,SCR_PRECHECK_CONSUME,TX,,OPEN_TRADE_SELECT_ITEM,,YES,,,YES,,NO,No,,,NO,Premium_Consume,,,,NO,
11035049,1,0,0,1,0,0,100,0,100,32767,0.1,0,0,0,0,0,0,0,0,0,0,0,not_trade_selectbox_ep12musical03_1,커튼콜 리버스 코스튬 상자 (거래 불가),Consume,FALSE,Premium,,,,Item_Consume,Self,Item_Common,Item_Common,ETC,icon_item_selectbox_ep12musical03_1,icon_item_selectbox_ep12musical03_1,,마우스 오른쪽 버튼 클릭으로 사용,CoolDown,"사용 시 아래의 구성물 중 하나를 선택해 획득할 수 있습니다.{nl}{#ff0000}주의! 획득한 구성물은 팀 창고 이동만 가능하며, 포인트로 교환할 수 없습니다.{/}{nl} - 커튼콜 리버스 테너 턱시도 코스튬 (남) 1개{nl} - 커튼콜 리버스 블랙 스완 코스튬 (여) 1개",item_drop_hp_1,,,,NO,YES,NO,NO,NO,,Normal,,YES,SCR_PRECHECK_CONSUME,TX,,OPEN_TRADE_SELECT_ITEM,,YES,,,YES,,NO,No,,,NO,Premium_Consume,,,,NO,
11035050,1,0,0,1,0,0,100,0,100,32767,0.1,0,0,38,0,0,0,0,0,0,0,0,egg_pet_thankgiving_sparrow,달맞이 참새 알,Consume,TRUE,Premium,,,,Item_Consume,Self,Item_Common,Item_Common,ETC,icon_item_thanksgiving_sparrow,icon_item_thanksgiving_sparrow,,마우스 오른쪽 버튼 클릭으로 사용,,"마우스 오른쪽 클릭으로 사용가능하며, 사용시 바로 컴패니언으로 등록됩니다. {nl} 해당 컴패니언은 컴패니언 탑승 스킬이 없어도 탑승 가능합니다. {nl} 해당 컴패니언과 동행 시 다음 버프 효과를 얻습니다.{nl} - 최대 레벨 미만일 때, 사냥을 통해 획득하는 경험치 증가+200%{nl} - 어시스터 경험치 추가 증가+100%{nl} - 탑승 시 이동 속도 증가+2 {nl}(PVP지역 및 전투 상태인 경우 이동 속도 증가 효과 미적용)",item_drop_hp_1,consume_drink,,SCR_USE_PREMIUM_EGG,NO,NO,NO,NO,NO,,Normal,pet_sparrow_Thanksgiving,YES,SCR_PRECHECK_CONSUME,TX,,TRY_CHECK_BARRACK_SLOT,,YES,SCR_GET_ITEM_COOLDOWN,CompanionEgg,YES,,NO,Yes,,,NO,Premium_Consume,,,NO,NO,
11035051,0,0,0,1,0,0,100,0,100,32767,0.1,0,0,0,0,0,0,0,0,0,0,0,txbox_20chuseok_Package_Grow,2020 달맞이 성장 패키지,Consume,FALSE,Premium,,,,Item_Consume,Self,Item_Common,Item_Common,ETC,icon_item_20_ChuSeok_Package_Grow,icon_item_20_ChuSeok_Package_Grow,,마우스 오른쪽 버튼 클릭으로 사용,,"마우스 우클릭 시 사용되며 구성물을 획득할 수 있습니다.{nl} - 경험치 카드 (431레벨) 1개{nl} - 클래스 경험치 카드 상자 1개{nl} - 캐릭터 슬롯 추가 이용권 1개{nl} - 레전드 카드 장착 슬롯 해금권 1개{nl} - [이벤트] 해금권 선택 상자 1개{nl} - [이벤트]11강 10초월 바르나 무기 선택상자 2개{nl} - [이벤트]11강 10초월 바르나 방어구 선택상자 4개{nl} - 실버 상자: 1,000,000 10개{nl} - 특성 포인트 10,000 5개{nl} - 보급용 농축 HP포션 LV15 1000개{nl} - 보급용 농축 SP포션 LV15 1000개{nl} - HP 회복 소형 엘릭서 30개{nl} - SP 회복 소형 엘릭서 30개{nl} - x4 경험의 서 9개{nl} - 축복이 깃든 씨앗 30개{nl} - 여신의 조각상 30개{nl} - 용병단 증표 50,000개",item_drop_hp_1,,,SCR_USE_STRING_GIVE_ITEM_NUMBER_SPLIT,NO,YES,NO,NO,NO,,Normal,Event_expCard_430Lv/1;Event_JobexpCard_BOX/1;EVENT_1811_NEWCHARACTER_BARRACK_SLOT/1;Legend_SlotOpen_Card_Team/1;Class_Solution_Select_Box_Event/1;Event_Roulette_Baleuna_box_1/2;Event_Roulette_Baleuna_box_2/4;Premium_moneyBox/10;Ability_Point_Stone_10000/5;Event_Drug_Alche_HP15_Premium/1000;Event_Drug_Alche_SP15_Premium/1000;Drug_RedApple20/30;Drug_BlueApple20/30;Premium_boostToken02/9;Adventure_Reward_Seed/30;Adventure_Goddess_Statue/30;misc_pvp_mine2/50000;,YES,SCR_PRECHECK_CONSUME,TX,,,,YES,,,YES,NO,NO,No,,YES,NO,Premium_Consume,,,,,
11035052,0,0,0,1,0,0,100,0,100,32767,0.1,0,0,0,0,0,0,0,0,0,0,0,txbox_20chuseok_Package_BattleA,2020 달맞이 전투 준비 패키지 A,Consume,FALSE,Premium,,,,Item_Consume,Self,Item_Common,Item_Common,ETC,icon_item_20_ChuSeok_Package_A,icon_item_20_ChuSeok_Package_A,,마우스 오른쪽 버튼 클릭으로 사용,,마우스 우클릭 시 사용되며 구성물을 획득할 수 있습니다.{nl} - 인스턴스 던전 입장 횟수 초기화권 40개{nl} - 챌린지 모드 1회 입장권 30개{nl} - 챌린지 모드 : 분열 특이점 1회 입장권 15개{nl} - 1인 레이드 이용 횟수 1회 입장권 3개{nl} - 레이드 포탈 스톤 100개{nl} - x3 업힐 디펜스 배수 토큰 3개{nl} - x3 차원 붕괴 지점 배수 토큰 3개,item_drop_hp_1,,,SCR_USE_STRING_GIVE_ITEM_NUMBER_SPLIT,NO,YES,NO,NO,NO,,Normal,Premium_indunReset/40;ChallengeModeReset_NoTrade/30;ChallengeExpertModeCountUp_NoTrade/15;SoloRaidCntReset_Team/3;Dungeon_Key01/100;uphill_multiple/3;rift_dungeon_multiple/3;,YES,SCR_PRECHECK_CONSUME,TX,,,,YES,,,YES,NO,NO,No,,YES,NO,Consume_Cube,,,,,
11035053,0,0,0,1,0,0,100,0,100,32767,0.1,0,0,0,0,0,0,0,0,0,0,0,txbox_20chuseok_Package_BattleB,2020 달맞이 전투 준비 패키지 B,Consume,FALSE,Premium,,,,Item_Consume,Self,Item_Common,Item_Common,ETC,icon_item_20_ChuSeok_Package_B,icon_item_20_ChuSeok_Package_B,,마우스 오른쪽 버튼 클릭으로 사용,,{nl} - 고급 황금 모루 30개{nl} - 루비 모루 10개{nl} - 강화 실버 할인 쿠폰 : 10만 실버 1000개{nl} - [Lv.440] 9초월 스크롤 1개{nl} - 어시스터 카드첩 50개{nl} - 무게 +1000 증가 포션 10개{nl} - 클래스 변경권 Lv.4 1개{nl} - 스킬 + 특성 초기화 포션 패키지 1개{nl} - 스탯 초기화 포션 1개{nl} - 아츠 초기화 포션 계열 선택 상자 3개,item_drop_hp_1,,,SCR_USE_STRING_GIVE_ITEM_NUMBER_SPLIT,NO,YES,NO,NO,NO,,Normal,Moru_Premium/30;Moru_Ruby_Charge/10;Event_Reinforce_100000coupon/1000;GLOBAL_Transcend_Scroll_9_440/1;Ancient_CardBook_ALL/50;Drug_AddMaxWeight3/10;Premium_RankReset/1;Premium_Reset_Package/1;Premium_StatReset/1;AbillityArts_Box_Total/3;,YES,SCR_PRECHECK_CONSUME,TX,,,,YES,,,YES,NO,NO,No,,YES,NO,Consume_Cube,,,,,
11035054,0,0,0,1,0,0,100,0,100,32767,0.1,0,0,0,0,0,0,0,0,0,0,0,txbox_20chuseok_Package_All,2020 달맞이 올인원 패키지,Consume,FALSE,Premium,,,,Item_Consume,Self,Item_Common,Item_Common,ETC,icon_item_20_ChuSeok_Package_ALL,icon_item_20_ChuSeok_Package_ALL,,마우스 오른쪽 버튼 클릭으로 사용,,마우스 우클릭 시 사용되며 구성물을 획득할 수 있습니다.{nl} - 2020 달맞이 성장 패키지 1개{nl} - 2020 달맞이 전투 준비 패키지 A 1개{nl} - 2020 달맞이 전투 준비 패키지 B 1개{nl} - Lv.440 다이아몬드 모루 (14일) 3개{nl} - 달맞이 참새 컴패니언 알 1개{nl} - 2020 근본 네클리스 1개{nl} - 2020 근본 브레이슬릿 2개,item_drop_hp_1,,,SCR_USE_STRING_GIVE_ITEM_NUMBER_SPLIT,NO,YES,NO,NO,NO,,Normal,txbox_20chuseok_Package_Grow/1;txbox_20chuseok_Package_BattleA/1;txbox_20chuseok_Package_BattleB/1;Moru_Diamond_14d_Team_Lv430/3;egg_pet_thankgiving_sparrow/1;2020_ARBORDAY_NECK05/1/Transcend/10/Reinforce_2/11;2020_ARBORDAY_BRC05/2/Transcend/10/Reinforce_2/11;,YES,SCR_PRECHECK_CONSUME,TX,,,,YES,,,YES,NO,NO,No,,YES,NO,Consume_Cube,,,,,
11035055,1,0,0,1,0,0,100,0,100,1,0.1,0,0,0,0,0,0,0,0,0,0,0,Special_Gift_Box_Leticia_2010,2020 레티샤의 보물 상자(10월),Consume,FALSE,Premium,,,,Item_Consume,Self,Item_Common,Item_Common,ETC,icon_item_god_box,icon_item_god_box,,마우스 오른쪽 버튼 클릭으로 사용,CoolDown,레티샤가 귀중한 물품들을 모아놓은 상자입니다. 아래의 구성물을 모두 획득할 수 있습니다.{nl} - 고급 황금 모루 상자 S급 20개{nl} - 여신의 가호 루비 모루 상자 10개{nl} - 여신의 축복석 100개,item_drop_hp_1,,,SCR_USE_STRING_GIVE_ITEM_NUMBER_SPLIT,NO,YES,NO,NO,NO,,Normal,goldmoru_box_S/20;txbox_Ruby_Moru_cnt20/10;Premium_item_transcendence_Stone/100;,YES,SCR_PRECHECK_CONSUME,TX,,,,YES,,,YES,,NO,No,,,NO,Premium_Consume,,,,NO,
11035056,0,0,0,1,0,0,100,0,100,32767,0.1,0,0,1,0,0,0,0,0,0,0,0,SoloRaidCntReset_TP,빛나는 1인 레이드 1회 입장권,Consume,FALSE,Premium,,,,Item_Consume,Self,Item_Common,Item_Common,ETC,icon_item_SoloRaidEnter,icon_item_SoloRaidEnter,,마우스 오른쪽 버튼 클릭으로 사용,,사용 시 1인 레이드 입장 횟수가 1회 차감 됩니다.,item_drop_paper_1,,,SCR_USE_FreeDungeon_Solo_Raid_Cnt,NO,YES,NO,YES,YES,,Normal,SoloRaidCntReset_Team,YES,SCR_PRECHECK_CONSUME_freedungeon_soloraid,TX,,,,YES,,,YES,,NO,No,,,NO,Premium_Consume,,,,NO,
11035057,0,0,0,1,0,0,100,0,100,32767,0.1,0,0,0,0,0,0,0,0,0,0,0,Premium_RankReset_Lv4_TP,빛나는 클래스 변경권 Lv.4,Consume,FALSE,Premium,,,,Item_Consume,Self,Item_Common,Item_Common,ETC,icon_item_rankreset_paper,icon_item_rankreset_paper,,마우스 오른쪽 버튼 클릭으로 사용,,"클래스 변경 포인트가 3,000 증가합니다.{nl}클래스 변경 포인트는 3,000까지 누적되고 초과하는 포인트는 사라집니다.",item_drop_paper_1,consume_drink,,SCR_USE_ITEM_RankReset,NO,YES,NO,YES,YES,,Normal,,YES,SCR_PRE_ITEM_RankReset,TX,,,,YES,,,YES,,NO,No,,,NO,Premium_Consume,,,,NO,
11035058,0,0,0,1,0,0,100,0,100,32767,0.1,0,0,1000,0,0,0,0,0,0,0,0,Premium_RankReset_Lv3_TP,빛나는 클래스 변경권 Lv.3,Consume,FALSE,Premium,,,,Item_Consume,Self,Item_Common,Item_Common,ETC,icon_item_rankreset_paper,icon_item_rankreset_paper,,마우스 오른쪽 버튼 클릭으로 사용,,"클래스 변경 포인트가 1,000 증가합니다.{nl}클래스 변경 포인트는 3,000까지 누적되고 초과하는 포인트는 사라집니다.",item_drop_paper_1,consume_drink,,SCR_USE_Premium_RankReset_Point_Lv,NO,YES,NO,YES,YES,,Normal,Premium_RankReset_Point_Lv3,YES,SCR_PRE_ITEM_RankReset,TX,,,,YES,,,YES,,NO,No,,,NO,Premium_Consume,,,,NO,
11035059,0,0,0,1,0,0,100,0,100,32767,0.1,0,0,0,0,0,0,0,0,0,0,0,Premium_Abillitypoint_TP,빛나는 특성 초기화 포션,Consume,FALSE,Premium,,,,Item_Consume,Self,Item_Common,Item_Common,ETC,icon_item_AbillityReset,icon_item_AbillityReset,,마우스 오른쪽 버튼 클릭으로 사용,,캐릭터에 적용된 특성을 초기화 합니다. (아츠는 초기화 하지 않습니다.),item_drop_paper_1,consume_drink,,,NO,YES,NO,YES,YES,,Normal,AbilityPointReset,YES,SCR_PRECHECK_CONSUME,TX,,ABILITY_POINT_RESET_C,,YES,,,YES,,NO,No,,,NO,Premium_Consume,,,,NO,
11035060,1,0,0,1,0,0,100,0,100,32767,0.1,0,0,0,0,0,0,0,0,0,0,0,selectbox_ep12musical01_1_global,커튼콜 스트레인지 코스튬 상자,Consume,FALSE,Premium,,,,Item_Consume,Self,Item_Common,Item_Common,ETC,icon_item_selectbox_ep12honoredrose01_1,icon_item_selectbox_ep12honoredrose01_1,,마우스 오른쪽 버튼 클릭으로 사용,CoolDown,사용 시 아래의 구성물 중 하나를 선택해 획득할 수 있습니다.{nl} - 커튼콜 스트레인지 닥터 코스튬 (남) 1개{nl} - 커튼콜 스트레인지 위치 코스튬 (여) 1개,item_drop_hp_1,,,,NO,YES,NO,NO,NO,,Normal,,YES,SCR_PRECHECK_CONSUME,TX,,OPEN_TRADE_SELECT_ITEM,,YES,,,YES,,NO,No,,,NO,Premium_Consume,,,,NO,
11035061,1,0,0,1,0,0,100,0,100,32767,0.1,0,0,0,0,0,0,0,0,0,0,0,selectbox_ep12musical01_2_global,커튼콜 시크릿 코스튬 상자,Consume,FALSE,Premium,,,,Item_Consume,Self,Item_Common,Item_Common,ETC,icon_item_selectbox_ep12honoredrose01_2,icon_item_selectbox_ep12honoredrose01_2,,마우스 오른쪽 버튼 클릭으로 사용,CoolDown,사용 시 아래의 구성물 중 하나를 선택해 획득할 수 있습니다.{nl} - 커튼콜 시크릿 닥터 코스튬 (남) 1개{nl} - 커튼콜 시크릿 위치 코스튬 (여) 1개,item_drop_hp_1,,,,NO,YES,NO,NO,NO,,Normal,,YES,SCR_PRECHECK_CONSUME,TX,,OPEN_TRADE_SELECT_ITEM,,YES,,,YES,,NO,No,,,NO,Premium_Consume,,,,NO,
11035062,1,0,0,1,0,0,100,0,100,32767,0.1,0,0,0,0,0,0,0,0,0,0,0,selectbox_ep12musical02_1_global,커튼콜 스푸키 몬스터 코스튬 상자,Consume,FALSE,Premium,,,,Item_Consume,Self,Item_Common,Item_Common,ETC,icon_item_selectbox_ep12honoredrose02_1,icon_item_selectbox_ep12honoredrose02_1,,마우스 오른쪽 버튼 클릭으로 사용,CoolDown,사용 시 아래의 구성물 중 하나를 선택해 획득할 수 있습니다.{nl} - 커튼콜 스푸키 프랑켄 코스튬 (남) 1개{nl} - 커튼콜 스푸키 고스트 코스튬 (여) 1개,item_drop_hp_1,,,,NO,YES,NO,NO,NO,,Normal,,YES,SCR_PRECHECK_CONSUME,TX,,OPEN_TRADE_SELECT_ITEM,,YES,,,YES,,NO,No,,,NO,Premium_Consume,,,,NO,
11035063,1,0,0,1,0,0,100,0,100,32767,0.1,0,0,0,0,0,0,0,0,0,0,0,selectbox_ep12musical03_1_global,커튼콜 리버스 코스튬 상자,Consume,FALSE,Premium,,,,Item_Consume,Self,Item_Common,Item_Common,ETC,icon_item_selectbox_ep12musical03_1,icon_item_selectbox_ep12musical03_1,,마우스 오른쪽 버튼 클릭으로 사용,CoolDown,사용 시 아래의 구성물 중 하나를 선택해 획득할 수 있습니다.{nl} - 커튼콜 리버스 테너 턱시도 코스튬 (남) 1개{nl} - 커튼콜 리버스 블랙 스완 코스튬 (여) 1개,item_drop_hp_1,,,,NO,YES,NO,NO,NO,,Normal,,YES,SCR_PRECHECK_CONSUME,TX,,OPEN_TRADE_SELECT_ITEM,,YES,,,YES,,NO,No,,,NO,Premium_Consume,,,,NO,
11035064,1,0,0,1,0,0,100,0,100,32767,0.1,0,0,0,0,0,0,0,0,0,0,0,Allbox_ep12musical_global,커튼콜 ALL패키지,Consume,FALSE,Premium,,,,Item_Consume,Self,Item_Common,Item_Common,ETC,icon_item_allbox_ep12musical,icon_item_allbox_ep12musical,,마우스 오른쪽 버튼 클릭으로 사용,CoolDown,사용 시 아래의 구성물을 모두 획득할 수 있습니다.{nl} - 커튼콜 미스터리 코스튬 상자 1개{nl} - 커튼콜 스트레인지 코스튬 상자 1개{nl} - 커튼콜 시크릿 코스튬 상자 1개{nl} - 커튼콜 호러 몬스터 코스튬 상자 1개{nl} - 커튼콜 스푸키 몬스터 코스튬 상자 1개{nl} - 커튼콜 리버스 코스튬 상자 1개{nl} - 커튼콜 스트레인지 위치 햇 1개{nl} - 커튼콜 브로큰 미러 실드 1개{nl} - 커튼콜 블루 블러썸 레이피어 1개{nl} - 커튼콜 인젝터 스피어 1개,item_drop_hp_1,,,SCR_USE_STRING_GIVE_ITEM_NUMBER_SPLIT,NO,YES,NO,NO,NO,,Normal,selectbox_ep12musical01/1;selectbox_ep12musical01_1_global/1;selectbox_ep12musical01_2_global/1;selectbox_ep12musical02/1;selectbox_ep12musical02_1_global/1;selectbox_ep12musical03_1_global/1;EP12_Hat_047/1;EP12_Artefact_094/1;EP12_Artefact_095/1;EP12_Artefact_096/1;,YES,SCR_PRECHECK_CONSUME,TX,,,,YES,,,YES,,NO,No,,,NO,Premium_Consume,,,,NO,
11035065,1,0,0,1,0,0,100,0,100,32767,0.1,0,0,0,0,0,0,0,0,0,0,0,ActOne_ep12musical_global,커튼콜 Act One 패키지,Consume,FALSE,Premium,,,,Item_Consume,Self,Item_Common,Item_Common,ETC,icon_item_actone_ep12musical,icon_item_actone_ep12musical,,마우스 오른쪽 버튼 클릭으로 사용,CoolDown,사용 시 아래의 구성물을 모두 획득할 수 있습니다.{nl} - 커튼콜 미스터리 코스튬 상자 1개{nl} - 커튼콜 시크릿 코스튬 상자 1개{nl} - 커튼콜 스푸키 몬스터 코스튬 상자 1개,item_drop_hp_1,,,SCR_USE_STRING_GIVE_ITEM_NUMBER_SPLIT,NO,YES,NO,NO,NO,,Normal,selectbox_ep12musical01/1;selectbox_ep12musical01_2_global/1;selectbox_ep12musical02_1_global/1;,YES,SCR_PRECHECK_CONSUME,TX,,,,YES,,,YES,,NO,No,,,NO,Premium_Consume,,,,NO,
11035066,1,0,0,1,0,0,100,0,100,32767,0.1,0,0,0,0,0,0,0,0,0,0,0,ActTwo_ep12musical_global,커튼콜 Act Two 패키지,Consume,FALSE,Premium,,,,Item_Consume,Self,Item_Common,Item_Common,ETC,icon_item_acttwo_ep12musical,icon_item_acttwo_ep12musical,,마우스 오른쪽 버튼 클릭으로 사용,CoolDown,사용 시 아래의 구성물을 모두 획득할 수 있습니다.{nl} - 커튼콜 스트레인지 코스튬 상자 1개{nl} - 커튼콜 호러 몬스터 코스튬 상자 1개{nl} - 커튼콜 리버스 코스튬 상자 1개{nl} - 커튼콜 스트레인지 위치 햇 1개,item_drop_hp_1,,,SCR_USE_STRING_GIVE_ITEM_NUMBER_SPLIT,NO,YES,NO,NO,NO,,Normal,selectbox_ep12musical01_1_global/1;selectbox_ep12musical02/1;selectbox_ep12musical03_1_global/1;EP12_Hat_047/1;,YES,SCR_PRECHECK_CONSUME,TX,,,,YES,,,YES,,NO,No,,,NO,Premium_Consume,,,,NO,
11035067,1,0,0,1,0,0,100,0,100,32767,0.1,0,0,0,0,0,0,0,0,0,0,0,selectbox_ep12demonlord01,리틀벅/말순이 인형 잠옷 코스튬 상자,Consume,FALSE,Premium,,,,Item_Consume,Self,Item_Common,Item_Common,ETC,icon_item_selectbox_ep12demonlord01,icon_item_selectbox_ep12demonlord01,,마우스 오른쪽 버튼 클릭으로 사용,CoolDown,사용 시 아래의 구성물 중 하나를 선택해 획득할 수 있습니다.{nl} - 리틀벅 인형 잠옷 코스튬 (남) 상자 1개{nl} - 말순이 인형 잠옷 코스튬 (여) 상자 1개,item_drop_hp_1,,,,NO,YES,NO,NO,NO,,Normal,,YES,SCR_PRECHECK_CONSUME,TX,,OPEN_TRADE_SELECT_ITEM,,YES,,,YES,,NO,No,,,NO,Premium_Consume,,,,NO,
11035068,1,0,0,1,0,0,100,0,100,32767,0.1,0,0,0,0,0,0,0,0,0,0,0,selectbox_ep12demonlord01_m,리틀벅 인형 잠옷 코스튬 (남) 상자,Consume,FALSE,Premium,,,,Item_Consume,Self,Item_Common,Item_Common,ETC,icon_item_selectbox_ep12demonlord01_m,icon_item_selectbox_ep12demonlord01_m,,마우스 오른쪽 버튼 클릭으로 사용,CoolDown,사용 시 아래의 구성물을 모두 획득할 수 있습니다.{nl} - 리틀벅 인형 잠옷 헬멧 (남) 1개{nl} - 리틀벅 인형 잠옷 코스튬 (남) 1개,item_drop_hp_1,,,SCR_USE_STRING_GIVE_ITEM_NUMBER_SPLIT,NO,YES,NO,NO,NO,,Normal,EP12_helmet_m_ep12demonlord/1;EP12_costume_Com_078/1;,YES,SCR_PRECHECK_CONSUME,TX,,,,YES,,,YES,,NO,No,,,NO,Premium_Consume,,,,NO,
11035069,1,0,0,1,0,0,100,0,100,32767,0.1,0,0,0,0,0,0,0,0,0,0,0,selectbox_ep12demonlord01_f,말순이 인형 잠옷 코스튬 (여) 상자,Consume,FALSE,Premium,,,,Item_Consume,Self,Item_Common,Item_Common,ETC,icon_item_selectbox_ep12demonlord01_f,icon_item_selectbox_ep12demonlord01_f,,마우스 오른쪽 버튼 클릭으로 사용,CoolDown,사용 시 아래의 구성물을 모두 획득할 수 있습니다.{nl} - 말순이 인형 잠옷 헬멧 (여) 1개{nl} - 말순이 인형 잠옷 코스튬 (여) 1개,item_drop_hp_1,,,SCR_USE_STRING_GIVE_ITEM_NUMBER_SPLIT,NO,YES,NO,NO,NO,,Normal,EP12_helmet_f_ep12demonlord/1;EP12_costume_Com_079/1;,YES,SCR_PRECHECK_CONSUME,TX,,,,YES,,,YES,,NO,No,,,NO,Premium_Consume,,,,NO,
11035070,1,0,0,1,0,0,100,0,100,32767,0.1,0,0,0,0,0,0,0,0,0,0,0,selectbox_ep12demonlord02,리틀벅/말순이 맞춤 전투복 코스튬 상자,Consume,FALSE,Premium,,,,Item_Consume,Self,Item_Common,Item_Common,ETC,icon_item_selectbox_ep12demonlord02,icon_item_selectbox_ep12demonlord02,,마우스 오른쪽 버튼 클릭으로 사용,CoolDown,사용 시 아래의 구성물 중 하나를 선택해 획득할 수 있습니다.{nl} - 리틀벅 맞춤 전투복 코스튬 (남) 1개{nl} - 말순이 맞춤 전투복 코스튬 (여) 1개,item_drop_hp_1,,,,NO,YES,NO,NO,NO,,Normal,,YES,SCR_PRECHECK_CONSUME,TX,,OPEN_TRADE_SELECT_ITEM,,YES,,,YES,,NO,No,,,NO,Premium_Consume,,,,NO,
11035071,1,0,0,1,0,0,100,0,100,32767,0.1,0,0,0,0,0,0,0,0,0,0,0,selectbox_ep12demonlord01_1,리틀벅/말순이 푹신푹신 잠옷 코스튬 상자,Consume,FALSE,Premium,,,,Item_Consume,Self,Item_Common,Item_Common,ETC,icon_item_selectbox_ep12demonlord01_1,icon_item_selectbox_ep12demonlord01_1,,마우스 오른쪽 버튼 클릭으로 사용,CoolDown,"{#0000ff} - 마신의 유혹 포인트 576점으로 전환 가능합니다.{/}{nl} {nl}사용 시 아래의 구성물 중 하나를 선택해 획득할 수 있습니다.{nl}{#ff0000}주의! 획득한 구성물은 팀 창고 이동만 가능하며, 포인트로 교환할 수 없습니다.{/}{nl} - 리틀벅 푹신푹신 잠옷 코스튬 (남) 1개{nl} - 말순이 푹신푹신 잠옷 코스튬 (여) 1개",item_drop_hp_1,,,,NO,YES,NO,YES,YES,,Normal,,YES,SCR_PRECHECK_CONSUME,TX,,OPEN_TRADE_SELECT_ITEM,,YES,,,YES,,NO,No,,,NO,Premium_Consume,,,,NO,
11035072,1,0,0,1,0,0,100,0,100,32767,0.1,0,0,0,0,0,0,0,0,0,0,0,selectbox_ep12demonlord01_2,리틀벅/말순이 꿀잠 잠옷 코스튬 상자,Consume,FALSE,Premium,,,,Item_Consume,Self,Item_Common,Item_Common,ETC,icon_item_selectbox_ep12demonlord01_2,icon_item_selectbox_ep12demonlord01_2,,마우스 오른쪽 버튼 클릭으로 사용,CoolDown,"{#0000ff} - 마신의 유혹 포인트 576점으로 전환 가능합니다.{/}{nl} {nl}사용 시 아래의 구성물 중 하나를 선택해 획득할 수 있습니다.{nl}{#ff0000}주의! 획득한 구성물은 팀 창고 이동만 가능하며, 포인트로 교환할 수 없습니다.{/}{nl} - 리틀벅 꿀잠 잠옷 코스튬 (남) 1개{nl} - 말순이 꿀잠 잠옷 코스튬 (여) 1개",item_drop_hp_1,,,,NO,YES,NO,YES,YES,,Normal,,YES,SCR_PRECHECK_CONSUME,TX,,OPEN_TRADE_SELECT_ITEM,,YES,,,YES,,NO,No,,,NO,Premium_Consume,,,,NO,
11035073,1,0,0,1,0,0,100,0,100,32767,0.1,0,0,0,0,0,0,0,0,0,0,0,selectbox_ep12demonlord02_1,리틀벅/말순이 세련된 전투복 코스튬 상자,Consume,FALSE,Premium,,,,Item_Consume,Self,Item_Common,Item_Common,ETC,icon_item_selectbox_ep12demonlord02_1,icon_item_selectbox_ep12demonlord02_1,,마우스 오른쪽 버튼 클릭으로 사용,CoolDown,"{#0000ff} - 마신의 유혹 포인트 96점으로 전환 가능합니다.{/}{nl} {nl}사용 시 아래의 구성물 중 하나를 선택해 획득할 수 있습니다.{nl}{#ff0000}주의! 획득한 구성물은 팀 창고 이동만 가능하며, 포인트로 교환할 수 없습니다.{/}{nl} - 리틀벅 세련된 전투복 코스튬 (남) 1개{nl} - 말순이 세련된 전투복 코스튬 (여) 1개",item_drop_hp_1,,,,NO,YES,NO,YES,YES,,Normal,,YES,SCR_PRECHECK_CONSUME,TX,,OPEN_TRADE_SELECT_ITEM,,YES,,,YES,,NO,No,,,NO,Premium_Consume,,,,NO,
11035074,1,0,0,1,0,0,100,0,100,32767,0.1,0,0,0,0,0,0,0,0,0,0,0,selectbox_ep12demonlord03_1,리틀벅/말순이 신나는 일상복 코스튬 상자,Consume,FALSE,Premium,,,,Item_Consume,Self,Item_Common,Item_Common,ETC,icon_item_selectbox_ep12demonlord03_1,icon_item_selectbox_ep12demonlord03_1,,마우스 오른쪽 버튼 클릭으로 사용,CoolDown,"{#0000ff} - 마신의 유혹 포인트 96점으로 전환 가능합니다.{/}{nl} {nl}사용 시 아래의 구성물 중 하나를 선택해 획득할 수 있습니다.{nl}{#ff0000}주의! 획득한 구성물은 팀 창고 이동만 가능하며, 포인트로 교환할 수 없습니다.{/}{nl} - 리틀벅 신나는 일상복 코스튬 (남) 1개{nl} - 말순이 신나는 일상복 코스튬 (여) 1개",item_drop_hp_1,,,,NO,YES,NO,YES,YES,,Normal,,YES,SCR_PRECHECK_CONSUME,TX,,OPEN_TRADE_SELECT_ITEM,,YES,,,YES,,NO,No,,,NO,Premium_Consume,,,,NO,
11035075,1,0,0,1,0,0,100,0,100,32767,0.1,0,0,0,0,0,0,0,0,0,0,0,box_wing_ep12demonlord,리틀벅/말순이 베이비 스키아클립스 날개 상자,Consume,FALSE,Premium,,,,Item_Consume,Self,Item_Common,Item_Common,ETC,icon_item_box_wing_ep12demonlord,icon_item_box_wing_ep12demonlord,,마우스 오른쪽 버튼 클릭으로 사용,CoolDown,사용 시 아래의 구성물을 획득할 수 있습니다.{nl}{#ff0000}주의! 획득한 구성물은 팀 창고 이동만 가능합니다.{/}{nl} - 리틀벅/말순이 베이비 스키아클립스 날개 1개,item_drop_hp_1,,,SCR_USE_STRING_GIVE_ITEM_NUMBER_SPLIT,NO,YES,NO,YES,YES,,Normal,wing_ep12demonlord/1;,YES,SCR_PRECHECK_CONSUME,TX,,,,YES,,,YES,,NO,No,,,NO,Premium_Consume,,,,NO,
11035076,1,0,0,1,0,0,100,0,100,32767,0.1,0,0,0,0,0,0,0,0,0,0,0,box_effect_ep12demonlord,반짝이는 발걸음 상자,Consume,FALSE,Premium,,,,Item_Consume,Self,Item_Common,Item_Common,ETC,icon_item_box_effect_ep12demonlord,icon_item_box_effect_ep12demonlord,,마우스 오른쪽 버튼 클릭으로 사용,CoolDown,사용 시 아래의 구성물을 획득할 수 있습니다.{nl}{#ff0000}주의! 획득한 구성물은 팀 창고 이동만 가능합니다.{/}{nl} - 반짝이는 발걸음 1개,item_drop_hp_1,,,SCR_USE_STRING_GIVE_ITEM_NUMBER_SPLIT,NO,YES,NO,YES,YES,,Normal,Effect_ep12demonlord/1;,YES,SCR_PRECHECK_CONSUME,TX,,,,YES,,,YES,,NO,No,,,NO,Premium_Consume,,,,NO,
11035077,1,0,0,1,0,0,100,0,100,32767,0.1,0,0,38,0,0,0,0,0,0,0,0,egg_pet_dalmatian,달마시안 알,Consume,TRUE,Premium,,,,Item_Consume,Self,Item_Common,Item_Common,ETC,icon_item_dalmatian,icon_item_dalmatian,,마우스 오른쪽 버튼 클릭으로 사용,,"마우스 오른쪽 클릭으로 사용가능하며, 사용 시 바로 컴패니언으로 등록됩니다. {nl} 해당 컴패니언은 컴패니언 탑승 스킬이 없어도 탑승 가능합니다. {nl} 해당 컴패니언과 동행 시 중형 대상 공격력 상쇄 +500 버프를 얻습니다.",item_drop_hp_1,consume_drink,,SCR_USE_PREMIUM_EGG,NO,YES,NO,YES,YES,,Normal,pet_dalmatian,YES,SCR_PRECHECK_CONSUME,TX,,TRY_CHECK_BARRACK_SLOT,,YES,SCR_GET_ITEM_COOLDOWN,CompanionEgg,YES,,NO,Yes,,,NO,Premium_Consume,,,,NO,
11035078,1,0,0,1,0,0,100,0,100,32767,0.1,0,0,0,0,0,0,0,0,0,0,0,not_trade_selectbox_ep12demonlord01_1,리틀벅/말순이 푹신푹신 잠옷 코스튬 상자 (거래 불가),Consume,FALSE,Premium,,,,Item_Consume,Self,Item_Common,Item_Common,ETC,icon_item_selectbox_ep12demonlord01_1,icon_item_selectbox_ep12demonlord01_1,,마우스 오른쪽 버튼 클릭으로 사용,CoolDown,"사용 시 아래의 구성물 중 하나를 선택해 획득할 수 있습니다.{nl}{#ff0000}주의! 획득한 구성물은 팀 창고 이동만 가능하며, 포인트로 교환할 수 없습니다.{/}{nl} - 리틀벅 푹신푹신 잠옷 코스튬 (남) 1개{nl} - 말순이 푹신푹신 잠옷 코스튬 (여) 1개",item_drop_hp_1,,,,NO,YES,NO,NO,NO,,Normal,,YES,SCR_PRECHECK_CONSUME,TX,,OPEN_TRADE_SELECT_ITEM,,YES,,,YES,,NO,No,,,NO,Premium_Consume,,,,NO,
11035079,1,0,0,1,0,0,100,0,100,32767,0.1,0,0,0,0,0,0,0,0,0,0,0,not_trade_selectbox_ep12demonlord01_2,리틀벅/말순이 꿀잠 잠옷 코스튬 상자 (거래 불가),Consume,FALSE,Premium,,,,Item_Consume,Self,Item_Common,Item_Common,ETC,icon_item_selectbox_ep12demonlord01_2,icon_item_selectbox_ep12demonlord01_2,,마우스 오른쪽 버튼 클릭으로 사용,CoolDown,"사용 시 아래의 구성물 중 하나를 선택해 획득할 수 있습니다.{nl}{#ff0000}주의! 획득한 구성물은 팀 창고 이동만 가능하며, 포인트로 교환할 수 없습니다.{/}{nl} - 리틀벅 꿀잠 잠옷 코스튬 (남) 1개{nl} - 말순이 꿀잠 잠옷 코스튬 (여) 1개",item_drop_hp_1,,,,NO,YES,NO,NO,NO,,Normal,,YES,SCR_PRECHECK_CONSUME,TX,,OPEN_TRADE_SELECT_ITEM,,YES,,,YES,,NO,No,,,NO,Premium_Consume,,,,NO,
11035080,1,0,0,1,0,0,100,0,100,32767,0.1,0,0,0,0,0,0,0,0,0,0,0,not_trade_selectbox_ep12demonlord02_1,리틀벅/말순이 세련된 전투복 코스튬 상자 (거래 불가),Consume,FALSE,Premium,,,,Item_Consume,Self,Item_Common,Item_Common,ETC,icon_item_selectbox_ep12demonlord02_1,icon_item_selectbox_ep12demonlord02_1,,마우스 오른쪽 버튼 클릭으로 사용,CoolDown,"사용 시 아래의 구성물 중 하나를 선택해 획득할 수 있습니다.{nl}{#ff0000}주의! 획득한 구성물은 팀 창고 이동만 가능하며, 포인트로 교환할 수 없습니다.{/}{nl} - 리틀벅 세련된 전투복 코스튬 (남) 1개{nl} - 말순이 세련된 전투복 코스튬 (여) 1개",item_drop_hp_1,,,,NO,YES,NO,NO,NO,,Normal,,YES,SCR_PRECHECK_CONSUME,TX,,OPEN_TRADE_SELECT_ITEM,,YES,,,YES,,NO,No,,,NO,Premium_Consume,,,,NO,
11035081,1,0,0,1,0,0,100,0,100,32767,0.1,0,0,0,0,0,0,0,0,0,0,0,not_trade_selectbox_ep12demonlord03_1,리틀벅/말순이 신나는 일상복 코스튬 상자 (거래 불가),Consume,FALSE,Premium,,,,Item_Consume,Self,Item_Common,Item_Common,ETC,icon_item_selectbox_ep12demonlord03_1,icon_item_selectbox_ep12demonlord03_1,,마우스 오른쪽 버튼 클릭으로 사용,CoolDown,"사용 시 아래의 구성물 중 하나를 선택해 획득할 수 있습니다.{nl}{#ff0000}주의! 획득한 구성물은 팀 창고 이동만 가능하며, 포인트로 교환할 수 없습니다.{/}{nl} - 리틀벅 신나는 일상복 코스튬 (남) 1개{nl} - 말순이 신나는 일상복 코스튬 (여) 1개",item_drop_hp_1,,,,NO,YES,NO,NO,NO,,Normal,,YES,SCR_PRECHECK_CONSUME,TX,,OPEN_TRADE_SELECT_ITEM,,YES,,,YES,,NO,No,,,NO,Premium_Consume,,,,NO,
11035088,1,0,0,1,0,0,100,0,100,32767,0.1,0,0,38,0,0,0,0,0,0,0,0,not_trade_egg_pet_dalmatian,달마시안 알 (거래 불가),Consume,TRUE,Premium,,,,Item_Consume,Self,Item_Common,Item_Common,ETC,icon_item_dalmatian,icon_item_dalmatian,,마우스 오른쪽 버튼 클릭으로 사용,,"마우스 오른쪽 클릭으로 사용가능하며, 사용 시 바로 컴패니언으로 등록됩니다. {nl} 해당 컴패니언은 컴패니언 탑승 스킬이 없어도 탑승 가능합니다. {nl} 해당 컴패니언과 동행 시 중형 대상 공격력 상쇄 +500 버프를 얻습니다.",item_drop_hp_1,consume_drink,,SCR_USE_PREMIUM_EGG,NO,YES,NO,NO,NO,,Normal,pet_dalmatian,YES,SCR_PRECHECK_CONSUME,TX,,TRY_CHECK_BARRACK_SLOT,,YES,SCR_GET_ITEM_COOLDOWN,CompanionEgg,YES,,NO,Yes,,,NO,Premium_Consume,,,,NO,
11035093,1,0,0,1,0,0,100,0,100,32767,0.1,0,0,0,0,0,0,0,0,0,0,0,selectbox_ep12demonlord01_1_global,리틀벅/말순이 푹신푹신 잠옷 코스튬 상자,Consume,FALSE,Premium,,,,Item_Consume,Self,Item_Common,Item_Common,ETC,icon_item_selectbox_ep12demonlord01_1,icon_item_selectbox_ep12demonlord01_1,,마우스 오른쪽 버튼 클릭으로 사용,CoolDown,사용 시 아래의 구성물 중 하나를 선택해 획득할 수 있습니다.{nl} - 리틀벅 푹신푹신 잠옷 코스튬 (남) 1개{nl} - 말순이 푹신푹신 잠옷 코스튬 (여) 1개,item_drop_hp_1,,,,NO,YES,NO,NO,NO,,Normal,,YES,SCR_PRECHECK_CONSUME,TX,,OPEN_TRADE_SELECT_ITEM,,YES,,,YES,,NO,No,,,NO,Premium_Consume,,,,NO,
11035094,1,0,0,1,0,0,100,0,100,32767,0.1,0,0,0,0,0,0,0,0,0,0,0,selectbox_ep12demonlord01_2_global,리틀벅/말순이 꿀잠 잠옷 코스튬 상자,Consume,FALSE,Premium,,,,Item_Consume,Self,Item_Common,Item_Common,ETC,icon_item_selectbox_ep12demonlord01_2,icon_item_selectbox_ep12demonlord01_2,,마우스 오른쪽 버튼 클릭으로 사용,CoolDown,사용 시 아래의 구성물 중 하나를 선택해 획득할 수 있습니다.{nl} - 리틀벅 꿀잠 잠옷 코스튬 (남) 1개{nl} - 말순이 꿀잠 잠옷 코스튬 (여) 1개,item_drop_hp_1,,,,NO,YES,NO,NO,NO,,Normal,,YES,SCR_PRECHECK_CONSUME,TX,,OPEN_TRADE_SELECT_ITEM,,YES,,,YES,,NO,No,,,NO,Premium_Consume,,,,NO,
11035095,1,0,0,1,0,0,100,0,100,32767,0.1,0,0,0,0,0,0,0,0,0,0,0,selectbox_ep12demonlord02_1_global,리틀벅/말순이 세련된 전투복 코스튬 상자,Consume,FALSE,Premium,,,,Item_Consume,Self,Item_Common,Item_Common,ETC,icon_item_selectbox_ep12demonlord02_1,icon_item_selectbox_ep12demonlord02_1,,마우스 오른쪽 버튼 클릭으로 사용,CoolDown,사용 시 아래의 구성물 중 하나를 선택해 획득할 수 있습니다.{nl} - 리틀벅 세련된 전투복 코스튬 (남) 1개{nl} - 말순이 세련된 전투복 코스튬 (여) 1개,item_drop_hp_1,,,,NO,YES,NO,NO,NO,,Normal,,YES,SCR_PRECHECK_CONSUME,TX,,OPEN_TRADE_SELECT_ITEM,,YES,,,YES,,NO,No,,,NO,Premium_Consume,,,,NO,
11035096,1,0,0,1,0,0,100,0,100,32767,0.1,0,0,0,0,0,0,0,0,0,0,0,selectbox_ep12demonlord03_1_global,리틀벅/말순이 신나는 일상복 코스튬 상자,Consume,FALSE,Premium,,,,Item_Consume,Self,Item_Common,Item_Common,ETC,icon_item_selectbox_ep12demonlord03_1,icon_item_selectbox_ep12demonlord03_1,,마우스 오른쪽 버튼 클릭으로 사용,CoolDown,사용 시 아래의 구성물 중 하나를 선택해 획득할 수 있습니다.{nl} - 리틀벅 신나는 일상복 코스튬 (남) 1개{nl} - 말순이 신나는 일상복 코스튬 (여) 1개,item_drop_hp_1,,,,NO,YES,NO,NO,NO,,Normal,,YES,SCR_PRECHECK_CONSUME,TX,,OPEN_TRADE_SELECT_ITEM,,YES,,,YES,,NO,No,,,NO,Premium_Consume,,,,NO,
11035097,1,0,0,1,0,0,100,0,100,32767,0.1,0,0,0,0,0,0,0,0,0,0,0,Allbox_ep12demonlord_global,리틀벅/말순이 ALL패키지,Consume,FALSE,Premium,,,,Item_Consume,Self,Item_Common,Item_Common,ETC,icon_item_allbox_ep12demonlord,icon_item_allbox_ep12demonlord,,마우스 오른쪽 버튼 클릭으로 사용,CoolDown,사용 시 아래의 구성물을 모두 획득할 수 있습니다.{nl} - 리틀벅/말순이 인형 잠옷 코스튬 상자 1개{nl} - 리틀벅/말순이 푹신푹신 잠옷 코스튬 상자 1개{nl} - 리틀벅/말순이 꿀잠 잠옷 코스튬 상자 1개{nl} - 리틀벅/말순이 맞춤 전투복 코스튬 상자 1개{nl} - 리틀벅/말순이 세련된 전투복 코스튬 상자 1개{nl} - 리틀벅/말순이 신나는 일상복 코스튬 상자 1개{nl} - 리틀벅 꿀잠 수면 안대 1개{nl} - 말순이 꿀잠 수면 안대 1개{nl} - 말순이 요술봉 스태프 1개{nl} - 리틀벅 베개 캐논 1개{nl} - 리틀벅 날카로운 발톱 실드,item_drop_hp_1,,,SCR_USE_STRING_GIVE_ITEM_NUMBER_SPLIT,NO,YES,NO,NO,NO,,Normal,selectbox_ep12demonlord01/1;selectbox_ep12demonlord01_1_global/1;selectbox_ep12demonlord01_2_global/1;selectbox_ep12demonlord02/1;selectbox_ep12demonlord02_1_global/1;selectbox_ep12demonlord03_1_global/1;EP12_Hat_048/1;EP12_Hat_049/1;EP12_Artefact_097/1;EP12_Artefact_098/1;EP12_Artefact_099/1;,YES,SCR_PRECHECK_CONSUME,TX,,,,YES,,,YES,,NO,No,,,NO,Premium_Consume,,,,NO,
11035117,1,0,0,1,0,0,100,0,100,1,0.1,0,0,0,0,0,0,0,0,0,0,0,Special_Gift_Box_Leticia_2010_GLOBAL,2020 레티샤의 보물 상자(10월),Consume,FALSE,Premium,,,,Item_Consume,Self,Item_Common,Item_Common,ETC,icon_item_god_box,icon_item_god_box,,마우스 오른쪽 버튼 클릭으로 사용,CoolDown,레티샤가 귀중한 물품들을 모아놓은 상자입니다. 아래의 구성물을 모두 획득할 수 있습니다.{nl} - 고급 황금 모루 상자 S급 20개{nl} - 여신의 가호 루비 모루 상자 10개{nl} - 여신의 축복석 100개,item_drop_hp_1,,,SCR_USE_STRING_GIVE_ITEM_NUMBER_SPLIT,NO,YES,NO,NO,NO,,Normal,goldmoru_box_S/30;txbox_Ruby_Moru_cnt20/20;Premium_item_transcendence_Stone/100;,YES,SCR_PRECHECK_CONSUME,TX,,,,YES,,,YES,,NO,No,,,NO,Premium_Consume,,,,NO,
11039000,0,0,0,1,0,0,100,1,100,1,0.1,0,0,0,0,0,0,0,0,0,0,0,DRESS_ROOM_COLLECT_1,컬렉션: 아너드 로즈 테마,Consume,TRUE,Collection,,,,,,,,ETC,icon_item_box,icon_item_box,,,,아이템을 수집할 수 있는 컬렉션입니다. 마우스 오른쪽 버튼 클릭으로 등록할 수 있습니다.,item_drop_stone_1,,,SCR_USE_DRESS_ROOM_COLLECTION_GET,YES,NO,NO,NO,NO,,Normal,honored_rose_thema,YES,,TX,,,,NO,,,YES,,NO,No,,,NO,Misc_Collect,,,,,
11039001,0,0,0,1,0,0,100,1,100,1,0.1,0,0,0,0,0,0,0,0,0,0,0,DRESS_ROOM_COLLECT_2,컬렉션: 커튼콜 테마,Consume,TRUE,Collection,,,,,,,,ETC,icon_item_box,icon_item_box,,,,아이템을 수집할 수 있는 컬렉션입니다. 마우스 오른쪽 버튼 클릭으로 등록할 수 있습니다.,item_drop_stone_1,,,SCR_USE_DRESS_ROOM_COLLECTION_GET,YES,NO,NO,NO,NO,,Normal,curtain_call_thema,YES,,TX,,,,NO,,,YES,,NO,No,,,NO,Misc_Collect,,,,,
